date,currency,rate
2023-01-01,BRL,5.522925726712294
2023-01-02,BRL,5.50759836051976
2023-01-03,BRL,5.530296191293475
2023-01-04,BRL,5.5603585974062195
2023-01-05,BRL,5.540813965698838
2023-01-06,BRL,5.560633628602454
2023-01-07,BRL,5.52586785718647
2023-01-08,BRL,5.478747944730243
2023-01-09,BRL,5.485911932664234
2023-01-10,BRL,5.4433041512297615
2023-01-11,BRL,5.516016856192518
2023-01-12,BRL,5.520319646588039
2023-01-13,BRL,5.527804294729513
2023-01-14,BRL,5.462061926090981
2023-01-15,BRL,5.496849394256004
2023-01-16,BRL,5.448066804405303
2023-01-17,BRL,5.435276751534285
2023-01-18,BRL,5.458627476675802
2023-01-19,BRL,5.464663308860334
2023-01-20,BRL,5.558473916224516
2023-01-21,BRL,5.506049919164295
2023-01-22,BRL,5.465731424031425
2023-01-23,BRL,5.5400206953773825
2023-01-24,BRL,5.491933243748699
2023-01-25,BRL,5.482413808261085
2023-01-26,BRL,5.4632054762976905
2023-01-27,BRL,5.437547646238455
2023-01-28,BRL,5.457283174109902
2023-01-29,BRL,5.483950882487083
2023-01-30,BRL,5.5575658978884155
2023-01-31,BRL,5.524005358207476
2023-02-01,BRL,5.510727437295454
2023-02-02,BRL,5.488364958489384
2023-02-03,BRL,5.512283413797595
2023-02-04,BRL,5.448768763268906
2023-02-05,BRL,5.463392740215837
2023-02-06,BRL,5.460415170571157
2023-02-07,BRL,5.519051726158733
2023-02-08,BRL,5.5480545475700715
2023-02-09,BRL,5.544683919852232
2023-02-10,BRL,5.4418205832758
2023-02-11,BRL,5.530236460391291
2023-02-12,BRL,5.551752576392198
2023-02-13,BRL,5.449458619165389
2023-02-14,BRL,5.511246658330319
2023-02-15,BRL,5.476893771897629
2023-02-16,BRL,5.444844206011989
2023-02-17,BRL,5.461116666617963
2023-02-18,BRL,5.443286295570524
2023-02-19,BRL,5.550380806654116
2023-02-20,BRL,5.443386529402073
2023-02-21,BRL,5.448489540823154
2023-02-22,BRL,5.524890041452629
2023-02-23,BRL,5.481264476930027
2023-02-24,BRL,5.471543055848493
2023-02-25,BRL,5.498477403552256
2023-02-26,BRL,5.541981038043128
2023-02-27,BRL,5.515711296746117
2023-02-28,BRL,5.465959473920202
2023-03-01,BRL,5.474720306404572
2023-03-02,BRL,5.4648702382329635
2023-03-03,BRL,5.5484167732632965
2023-03-04,BRL,5.531241879495718
2023-03-05,BRL,5.527435234116135
2023-03-06,BRL,5.46231541185868
2023-03-07,BRL,5.46593564184957
2023-03-08,BRL,5.529003381665623
2023-03-09,BRL,5.434366127099644
2023-03-10,BRL,5.4682946171399305
2023-03-11,BRL,5.548110532436208
2023-03-12,BRL,5.5245169671024295
2023-03-13,BRL,5.548326472175537
2023-03-14,BRL,5.533062435985231
2023-03-15,BRL,5.530493093657504
2023-03-16,BRL,5.4546126660034995
2023-03-17,BRL,5.561198842707531
2023-03-18,BRL,5.485242790754389
2023-03-19,BRL,5.52440684648557
2023-03-20,BRL,5.543960617653189
2023-03-21,BRL,5.473171233716395
2023-03-22,BRL,5.504413087142753
2023-03-23,BRL,5.475255248363309
2023-03-24,BRL,5.551620970381783
2023-03-25,BRL,5.557183819722279
2023-03-26,BRL,5.443630744042136
2023-03-27,BRL,5.48355502827749
2023-03-28,BRL,5.492290230735974
2023-03-29,BRL,5.464867335852234
2023-03-30,BRL,5.545210030033752
2023-03-31,BRL,5.492495338936922
2023-04-01,BRL,5.514496983296956
2023-04-02,BRL,5.473736624502776
2023-04-03,BRL,5.4602028076057545
2023-04-04,BRL,5.462229577978245
2023-04-05,BRL,5.44934416826025
2023-04-06,BRL,5.516577412825975
2023-04-07,BRL,5.504845671893878
2023-04-08,BRL,5.5141443492404685
2023-04-09,BRL,5.5164413756275605
2023-04-10,BRL,5.53381883753788
2023-04-11,BRL,5.531407550628983
2023-04-12,BRL,5.454746974861088
2023-04-13,BRL,5.431854083107207
2023-04-14,BRL,5.537899158424879
2023-04-15,BRL,5.444491481335913
2023-04-16,BRL,5.4427949659365185
2023-04-17,BRL,5.497304121500924
2023-04-18,BRL,5.519299012639832
2023-04-19,BRL,5.551932690346754
2023-04-20,BRL,5.527213965450882
2023-04-21,BRL,5.446057700475039
2023-04-22,BRL,5.4643198891769265
2023-04-23,BRL,5.477142146119582
2023-04-24,BRL,5.458167461639972
2023-04-25,BRL,5.438346733732404
2023-04-26,BRL,5.4536682107273196
2023-04-27,BRL,5.43844954406658
2023-04-28,BRL,5.5335592112377645
2023-04-29,BRL,5.471783003488007
2023-04-30,BRL,5.458713538488755
2023-05-01,BRL,5.538618805060841
2023-05-02,BRL,5.460296123471717
2023-05-03,BRL,5.49665109275204
2023-05-04,BRL,5.5461796374576355
2023-05-05,BRL,5.448110952541457
2023-05-06,BRL,5.503773160825215
2023-05-07,BRL,5.431896438330102
2023-05-08,BRL,5.552518501004887
2023-05-09,BRL,5.4786515473614905
2023-05-10,BRL,5.469776699988626
2023-05-11,BRL,5.521799999920333
2023-05-12,BRL,5.526941205571129
2023-05-13,BRL,5.524921368082804
2023-05-14,BRL,5.4915479911763265
2023-05-15,BRL,5.465763526085602
2023-05-16,BRL,5.536938767859626
2023-05-17,BRL,5.45377499952592
2023-05-18,BRL,5.4522615719126275
2023-05-19,BRL,5.465397838813094
2023-05-20,BRL,5.498344869658558
2023-05-21,BRL,5.468413091338955
2023-05-22,BRL,5.551936379631198
2023-05-23,BRL,5.491097382404575
2023-05-24,BRL,5.541838142888902
2023-05-25,BRL,5.550543245625612
2023-05-26,BRL,5.535512374731109
2023-05-27,BRL,5.554573666266878
2023-05-28,BRL,5.546303373397655
2023-05-29,BRL,5.525418933654289
2023-05-30,BRL,5.512731905209487
2023-05-31,BRL,5.479674866000047
2023-06-01,BRL,5.445039558351209
2023-06-02,BRL,5.524250627098604
2023-06-03,BRL,5.5640624910128285
2023-06-04,BRL,5.459137567948657
2023-06-05,BRL,5.476807156710694
2023-06-06,BRL,5.4450305875137515
2023-06-07,BRL,5.512544875663404
2023-06-08,BRL,5.545170932299976
2023-06-09,BRL,5.444962449979469
2023-06-10,BRL,5.46259636002046
2023-06-11,BRL,5.551651324273951
2023-06-12,BRL,5.50887643117373
2023-06-13,BRL,5.51096165372681
2023-06-14,BRL,5.529251904116235
2023-06-15,BRL,5.501744291717416
2023-06-16,BRL,5.477725362242469
2023-06-17,BRL,5.4603018897535796
2023-06-18,BRL,5.535413679519192
2023-06-19,BRL,5.546775722393628
2023-06-20,BRL,5.482852043745121
2023-06-21,BRL,5.510120580767805
2023-06-22,BRL,5.462108228351541
2023-06-23,BRL,5.478555722763411
2023-06-24,BRL,5.4705277569391075
2023-06-25,BRL,5.4698209788427805
2023-06-26,BRL,5.479803284124945
2023-06-27,BRL,5.444708406465023
2023-06-28,BRL,5.518479609954362
2023-06-29,BRL,5.481772681130054
2023-06-30,BRL,5.54083369357434
2023-07-01,BRL,5.529942218030775
2023-07-02,BRL,5.507399573236684
2023-07-03,BRL,5.484208579911369
2023-07-04,BRL,5.516638300767069
2023-07-05,BRL,5.52246943644701
2023-07-06,BRL,5.52569663129999
2023-07-07,BRL,5.526141082035834
2023-07-08,BRL,5.547224132200481
2023-07-09,BRL,5.526090084191535
2023-07-10,BRL,5.461934761168859
2023-07-11,BRL,5.483581270033227
2023-07-12,BRL,5.492645305131906
2023-07-13,BRL,5.45086668851544
2023-07-14,BRL,5.447794545280491
2023-07-15,BRL,5.460092764837421
2023-07-16,BRL,5.552242146173817
2023-07-17,BRL,5.473222158696527
2023-07-18,BRL,5.516639676526678
2023-07-19,BRL,5.557278141498483
2023-07-20,BRL,5.501577443375763
2023-07-21,BRL,5.482627842836973
2023-07-22,BRL,5.506050730954623
2023-07-23,BRL,5.4611127250990075
2023-07-24,BRL,5.468118134000486
2023-07-25,BRL,5.43249135563535
2023-07-26,BRL,5.493106822878202
2023-07-27,BRL,5.467152896932363
2023-07-28,BRL,5.455902357837219
2023-07-29,BRL,5.4790439810644855
2023-07-30,BRL,5.549394175135222
2023-07-31,BRL,5.476002955556756
2023-08-01,BRL,5.497589005067788
2023-08-02,BRL,5.493629912604281
2023-08-03,BRL,5.445210388676241
2023-08-04,BRL,5.5380189187015025
2023-08-05,BRL,5.500399000941867
2023-08-06,BRL,5.526624173841391
2023-08-07,BRL,5.53416431188351
2023-08-08,BRL,5.52011447813546
2023-08-09,BRL,5.515402680126902
2023-08-10,BRL,5.562683657934141
2023-08-11,BRL,5.492569743959183
2023-08-12,BRL,5.473855248748213
2023-08-13,BRL,5.466991630372501
2023-08-14,BRL,5.5488007829635615
2023-08-15,BRL,5.470263279404089
2023-08-16,BRL,5.460027007193238
2023-08-17,BRL,5.535141828529337
2023-08-18,BRL,5.479119316458335
2023-08-19,BRL,5.534136557947426
2023-08-20,BRL,5.456124327081604
2023-08-21,BRL,5.495613798509383
2023-08-22,BRL,5.516504679909726
2023-08-23,BRL,5.494828436869241
2023-08-24,BRL,5.438894735429412
2023-08-25,BRL,5.508101943518751
2023-08-26,BRL,5.541689248206452
2023-08-27,BRL,5.5603501742790575
2023-08-28,BRL,5.54954956378298
2023-08-29,BRL,5.445612402836048
2023-08-30,BRL,5.490171652814138
2023-08-31,BRL,5.547851252973166
2023-09-01,BRL,5.545962553127596
2023-09-02,BRL,5.542757696011426
2023-09-03,BRL,5.4489196223876535
2023-09-04,BRL,5.434637524263889
2023-09-05,BRL,5.482983670771849
2023-09-06,BRL,5.497511160542549
2023-09-07,BRL,5.54007502227222
2023-09-08,BRL,5.490111077141979
2023-09-09,BRL,5.54310064293243
2023-09-10,BRL,5.489125914192614
2023-09-11,BRL,5.4861130611591165
2023-09-12,BRL,5.443839439045181
2023-09-13,BRL,5.507104451381134
2023-09-14,BRL,5.476034344170606
2023-09-15,BRL,5.52785733632437
2023-09-16,BRL,5.450750692765391
2023-09-17,BRL,5.513983665217846
2023-09-18,BRL,5.435374142896221
2023-09-19,BRL,5.55187742246996
2023-09-20,BRL,5.477515184643456
2023-09-21,BRL,5.4842993132304
2023-09-22,BRL,5.547085744320258
2023-09-23,BRL,5.512781590428749
2023-09-24,BRL,5.521837818531322
2023-09-25,BRL,5.469419708146313
2023-09-26,BRL,5.5275649540180005
2023-09-27,BRL,5.481127124080503
2023-09-28,BRL,5.545141295416178
2023-09-29,BRL,5.535956320298234
2023-09-30,BRL,5.522451066198238
2023-10-01,BRL,5.508600581911398
2023-10-02,BRL,5.531383314944707
2023-10-03,BRL,5.491361957083442
2023-10-04,BRL,5.4846978115040015
2023-10-05,BRL,5.459519693704079
2023-10-06,BRL,5.539257742795533
2023-10-07,BRL,5.560113663908388
2023-10-08,BRL,5.564231661021331
2023-10-09,BRL,5.517770068064233
2023-10-10,BRL,5.552300634032311
2023-10-11,BRL,5.4726419092147305
2023-10-12,BRL,5.480692246052228
2023-10-13,BRL,5.506996304580062
2023-10-14,BRL,5.486945468991618
2023-10-15,BRL,5.548606771673332
2023-10-16,BRL,5.505371181348247
2023-10-17,BRL,5.554026859531045
2023-10-18,BRL,5.535352960969649
2023-10-19,BRL,5.498147244428312
2023-10-20,BRL,5.4844786746099645
2023-10-21,BRL,5.518069971301636
2023-10-22,BRL,5.563893768692044
2023-10-23,BRL,5.484672841495944
2023-10-24,BRL,5.514813647507625
2023-10-25,BRL,5.540812893268512
2023-10-26,BRL,5.458333889589673
2023-10-27,BRL,5.542096519587975
2023-10-28,BRL,5.533021769036856
2023-10-29,BRL,5.5184312086165
2023-10-30,BRL,5.513467945938175
2023-10-31,BRL,5.528716821129077
2023-11-01,BRL,5.551082340656913
2023-11-02,BRL,5.4826631676519915
2023-11-03,BRL,5.501129506317467
2023-11-04,BRL,5.560180910392315
2023-11-05,BRL,5.486066399282533
2023-11-06,BRL,5.4970227409651535
2023-11-07,BRL,5.5301170822565515
2023-11-08,BRL,5.534984229840882
2023-11-09,BRL,5.5514669217929296
2023-11-10,BRL,5.435021500290666
2023-11-11,BRL,5.507209548808562
2023-11-12,BRL,5.530157316119399
2023-11-13,BRL,5.528540928755223
2023-11-14,BRL,5.554213792661877
2023-11-15,BRL,5.484683055034755
2023-11-16,BRL,5.527591707511119
2023-11-17,BRL,5.479595836419972
2023-11-18,BRL,5.4844400837813705
2023-11-19,BRL,5.438763956453558
2023-11-20,BRL,5.557260849315813
2023-11-21,BRL,5.531508214501841
2023-11-22,BRL,5.519358473744739
2023-11-23,BRL,5.447815239253695
2023-11-24,BRL,5.560846927183728
2023-11-25,BRL,5.507019833654813
2023-11-26,BRL,5.548072096780046
2023-11-27,BRL,5.533772022158093
2023-11-28,BRL,5.561595142735186
2023-11-29,BRL,5.527858580877442
2023-11-30,BRL,5.474618846162996
2023-12-01,BRL,5.487059300959529
2023-12-02,BRL,5.5332287647083715
2023-12-03,BRL,5.45036247206795
2023-12-04,BRL,5.493121515717753
2023-12-05,BRL,5.5574385145915794
2023-12-06,BRL,5.4835181407865
2023-12-07,BRL,5.498401921248022
2023-12-08,BRL,5.474546438862048
2023-12-09,BRL,5.483039261295225
2023-12-10,BRL,5.544777253497811
2023-12-11,BRL,5.474339304587963
2023-12-12,BRL,5.520419422127104
2023-12-13,BRL,5.495013645655159
2023-12-14,BRL,5.481964875461412
2023-12-15,BRL,5.4334111466121975
2023-12-16,BRL,5.446113088162973
2023-12-17,BRL,5.432188572714859
2023-12-18,BRL,5.563422096798119
2023-12-19,BRL,5.505206832172689
2023-12-20,BRL,5.483190044560672
2023-12-21,BRL,5.561372522367496
2023-12-22,BRL,5.436623437068966
2023-12-23,BRL,5.511811566377679
2023-12-24,BRL,5.433798552546719
2023-12-25,BRL,5.5164024556161095
2023-12-26,BRL,5.552352720411852
2023-12-27,BRL,5.46617667834898
2023-12-28,BRL,5.561703138152255
2023-12-29,BRL,5.508776787872304
2023-12-30,BRL,5.433471447419881
2023-12-31,BRL,5.437586751731046
2024-01-01,BRL,5.496616700002027
2024-01-02,BRL,5.558928750309237
2024-01-03,BRL,5.5161992181715025
2024-01-04,BRL,5.56118037745152
2024-01-05,BRL,5.554972675227033
2024-01-06,BRL,5.55921033658956
2024-01-07,BRL,5.500899323860225
2024-01-08,BRL,5.551348097351901
2024-01-09,BRL,5.518190079527894
2024-01-10,BRL,5.504132413973142
2024-01-11,BRL,5.529482695857865
2024-01-12,BRL,5.466943093947904
2024-01-13,BRL,5.491557529158074
2024-01-14,BRL,5.437852147940489
2024-01-15,BRL,5.4860751221223945
2024-01-16,BRL,5.563863338917795
2024-01-17,BRL,5.490035753329446
2024-01-18,BRL,5.4423229737094845
2024-01-19,BRL,5.446174086962145
2024-01-20,BRL,5.519406286967518
2024-01-21,BRL,5.455357601819257
2024-01-22,BRL,5.553949331963448
2024-01-23,BRL,5.514012684273562
2024-01-24,BRL,5.514343991493192
2024-01-25,BRL,5.4882082428334105
2024-01-26,BRL,5.563755077591805
2024-01-27,BRL,5.547093479069215
2024-01-28,BRL,5.476921977026796
2024-01-29,BRL,5.49906416077073
2024-01-30,BRL,5.535482905846992
2024-01-31,BRL,5.495832053229412
2024-02-01,BRL,5.51358824250891
2024-02-02,BRL,5.510209022852449
2024-02-03,BRL,5.475729284407103
2024-02-04,BRL,5.561731988269814
2024-02-05,BRL,5.4917804991469295
2024-02-06,BRL,5.468554745313396
2024-02-07,BRL,5.503609875164333
2024-02-08,BRL,5.488835187520607
2024-02-09,BRL,5.511232983503009
2024-02-10,BRL,5.500302515250817
2024-02-11,BRL,5.523184376949862
2024-02-12,BRL,5.489731074053113
2024-02-13,BRL,5.545078901931802
2024-02-14,BRL,5.517140760809602
2024-02-15,BRL,5.483878844237694
2024-02-16,BRL,5.471238645284752
2024-02-17,BRL,5.5406619124380985
2024-02-18,BRL,5.448428248462691
2024-02-19,BRL,5.461152262102693
2024-02-20,BRL,5.489046803119678
2024-02-21,BRL,5.513083079896297
2024-02-22,BRL,5.533726036618216
2024-02-23,BRL,5.462962246563531
2024-02-24,BRL,5.534532939079172
2024-02-25,BRL,5.546928912502183
2024-02-26,BRL,5.485550443312601
2024-02-27,BRL,5.483863686375975
2024-02-28,BRL,5.546087638168497
2024-02-29,BRL,5.552544341535828
2024-03-01,BRL,5.488973296411329
2024-03-02,BRL,5.4958984216851405
2024-03-03,BRL,5.4909714493958095
2024-03-04,BRL,5.528923208996734
2024-03-05,BRL,5.441296545896995
2024-03-06,BRL,5.468267363883064
2024-03-07,BRL,5.555986391736001
2024-03-08,BRL,5.49066979028113
2024-03-09,BRL,5.538721730238936
2024-03-10,BRL,5.461600817646489
2024-03-11,BRL,5.433768574344029
2024-03-12,BRL,5.482219956249723
2024-03-13,BRL,5.49334204547722
2024-03-14,BRL,5.4589307799891
2024-03-15,BRL,5.435409460485228
2024-03-16,BRL,5.471016195668026
2024-03-17,BRL,5.445105584824726
2024-03-18,BRL,5.453093969933681
2024-03-19,BRL,5.508609211782529
2024-03-20,BRL,5.533371604548976
2024-03-21,BRL,5.455365626825213
2024-03-22,BRL,5.537205664544685
2024-03-23,BRL,5.471088016787281
2024-03-24,BRL,5.47259881688354
2024-03-25,BRL,5.497556459572633
2024-03-26,BRL,5.475169596356454
2024-03-27,BRL,5.486563867760821
2024-03-28,BRL,5.519153393222497
2024-03-29,BRL,5.478752442840338
2024-03-30,BRL,5.441858861675998
2024-03-31,BRL,5.463519346906489
2024-04-01,BRL,5.461503632855396
2024-04-02,BRL,5.474792402045699
2024-04-03,BRL,5.456442781428062
2024-04-04,BRL,5.468700072060447
2024-04-05,BRL,5.50732352414296
2024-04-06,BRL,5.5347286469184285
2024-04-07,BRL,5.522048525209813
2024-04-08,BRL,5.547984171467278
2024-04-09,BRL,5.510552264335654
2024-04-10,BRL,5.48638469094988
2024-04-11,BRL,5.462052814686979
2024-04-12,BRL,5.537084541059923
2024-04-13,BRL,5.456090736426021
2024-04-14,BRL,5.486213783516114
2024-04-15,BRL,5.455144301387257
2024-04-16,BRL,5.541688304005552
2024-04-17,BRL,5.438747341334036
2024-04-18,BRL,5.473171964497712
2024-04-19,BRL,5.474556291961106
2024-04-20,BRL,5.507442984064868
2024-04-21,BRL,5.53854113386341
2024-04-22,BRL,5.559068929685962
2024-04-23,BRL,5.454016746638356
2024-04-24,BRL,5.436737149054047
2024-04-25,BRL,5.456380811796622
2024-04-26,BRL,5.523750467165067
2024-04-27,BRL,5.506994892479623
2024-04-28,BRL,5.4547645319003255
2024-04-29,BRL,5.553285009232606
2024-04-30,BRL,5.513813841469515
2024-05-01,BRL,5.51033818369556
2024-05-02,BRL,5.4487550905794295
2024-05-03,BRL,5.53575772226051
2024-05-04,BRL,5.5622966012929576
2024-05-05,BRL,5.504995170659174
2024-05-06,BRL,5.464206831112509
2024-05-07,BRL,5.548276556653753
2024-05-08,BRL,5.439797217196261
2024-05-09,BRL,5.4891148804373255
2024-05-10,BRL,5.535203014967285
2024-05-11,BRL,5.468908738464582
2024-05-12,BRL,5.559406149236775
2024-05-13,BRL,5.511278581967148
2024-05-14,BRL,5.4863559507267965
2024-05-15,BRL,5.433945572203577
2024-05-16,BRL,5.529324092932966
2024-05-17,BRL,5.495537197932605
2024-05-18,BRL,5.536983999282644
2024-05-19,BRL,5.5510826398507085
2024-05-20,BRL,5.489508702581833
2024-05-21,BRL,5.509535934741118
2024-05-22,BRL,5.512184671734179
2024-05-23,BRL,5.514827440747815
2024-05-24,BRL,5.435563737448418
2024-05-25,BRL,5.479688344080399
2024-05-26,BRL,5.53150837161683
2024-05-27,BRL,5.43801381065067
2024-05-28,BRL,5.514862121961773
2024-05-29,BRL,5.449309757484039
2024-05-30,BRL,5.5039512756475215
2024-05-31,BRL,5.458314266635956
2024-06-01,BRL,5.504485432586116
2024-06-02,BRL,5.496520200198966
2024-06-03,BRL,5.54889443841211
2024-06-04,BRL,5.438061434399889
2024-06-05,BRL,5.490258682354639
2024-06-06,BRL,5.4446099650961095
2024-06-07,BRL,5.534776524651623
2024-06-08,BRL,5.517921458373849
2024-06-09,BRL,5.496585021577923
2024-06-10,BRL,5.515814199208372
2024-06-11,BRL,5.5072153346880794
2024-06-12,BRL,5.486854836676285
2024-06-13,BRL,5.435749078255409
2024-06-14,BRL,5.507417723586125
2024-06-15,BRL,5.463745885266871
2024-06-16,BRL,5.451361713873592
2024-06-17,BRL,5.456653194347419
2024-06-18,BRL,5.540080938207557
2024-06-19,BRL,5.480399215789944
2024-06-20,BRL,5.468175554208625
2024-06-21,BRL,5.472333397292958
2024-06-22,BRL,5.4948086085804055
2024-06-23,BRL,5.489279014387748
2024-06-24,BRL,5.466895061000418
2024-06-25,BRL,5.450264244359015
2024-06-26,BRL,5.437734045196996
2024-06-27,BRL,5.535660833366339
2024-06-28,BRL,5.435591075467039
2024-06-29,BRL,5.445285103574637
2024-06-30,BRL,5.51662066686231
2024-07-01,BRL,5.522445436242322
2024-07-02,BRL,5.544422991375696
2024-07-03,BRL,5.501397753547487
2024-07-04,BRL,5.55757524474749
2024-07-05,BRL,5.503159448624198
2024-07-06,BRL,5.555367558064492
2024-07-07,BRL,5.501052929274338
2024-07-08,BRL,5.459581363623466
2024-07-09,BRL,5.510984141550003
2024-07-10,BRL,5.548379224295682
2024-07-11,BRL,5.507073275046539
2024-07-12,BRL,5.49635244726027
2024-07-13,BRL,5.438020417799195
2024-07-14,BRL,5.557346091769679
2024-07-15,BRL,5.443367157779229
2024-07-16,BRL,5.4966272184295475
2024-07-17,BRL,5.503161194079872
2024-07-18,BRL,5.434474544479548
2024-07-19,BRL,5.494768089560816
2024-07-20,BRL,5.539571150611234
2024-07-21,BRL,5.532082509733296
2024-07-22,BRL,5.549784569226063
2024-07-23,BRL,5.53642958588415
2024-07-24,BRL,5.53209256101512
2024-07-25,BRL,5.562745369516233
2024-07-26,BRL,5.468958365661122
2024-07-27,BRL,5.436584250917682
2024-07-28,BRL,5.4502316572833145
2024-07-29,BRL,5.547592738987464
2024-07-30,BRL,5.5636410609857725
2024-07-31,BRL,5.453674125253858
2024-08-01,BRL,5.451612256437206
2024-08-02,BRL,5.528568936776938
2024-08-03,BRL,5.526926376534734
2024-08-04,BRL,5.545858145634723
2024-08-05,BRL,5.539480265291069
2024-08-06,BRL,5.509007164735193
2024-08-07,BRL,5.527504342531134
2024-08-08,BRL,5.521450373657309
2024-08-09,BRL,5.544795588032214
2024-08-10,BRL,5.5268900690812925
2024-08-11,BRL,5.556433886516
2024-08-12,BRL,5.5271339930927175
2024-08-13,BRL,5.5568858871071765
2024-08-14,BRL,5.5447273417383
2024-08-15,BRL,5.467701994835011
2024-08-16,BRL,5.517974654969284
2024-08-17,BRL,5.4832709422631805
2024-08-18,BRL,5.5449670346056275
2024-08-19,BRL,5.443962847962597
2024-08-20,BRL,5.447456284819793
2024-08-21,BRL,5.4669625454639625
2024-08-22,BRL,5.518936753598393
2024-08-23,BRL,5.535295390341796
2024-08-24,BRL,5.54718655653926
2024-08-25,BRL,5.455698017318865
2024-08-26,BRL,5.443452087869856
2024-08-27,BRL,5.540375957098515
2024-08-28,BRL,5.481024364910512
2024-08-29,BRL,5.503972325014782
2024-08-30,BRL,5.530129539090084
2024-08-31,BRL,5.442713682353061
2024-09-01,BRL,5.468618849148837
2024-09-02,BRL,5.4458085066282145
2024-09-03,BRL,5.5149473937711315
2024-09-04,BRL,5.497986720039766
2024-09-05,BRL,5.484128267185486
2024-09-06,BRL,5.544238467164613
2024-09-07,BRL,5.508060315404916
2024-09-08,BRL,5.549040643118101
2024-09-09,BRL,5.535911524066625
2024-09-10,BRL,5.504434025586269
2024-09-11,BRL,5.497264545016717
2024-09-12,BRL,5.500600820711811
2024-09-13,BRL,5.463981805584837
2024-09-14,BRL,5.475038161044124
2024-09-15,BRL,5.552927425933552
2024-09-16,BRL,5.475550329296453
2024-09-17,BRL,5.560955318482723
2024-09-18,BRL,5.481004159324198
2024-09-19,BRL,5.486966196073418
2024-09-20,BRL,5.48619702404849
2024-09-21,BRL,5.530443403211557
2024-09-22,BRL,5.558606102166427
2024-09-23,BRL,5.511788520943272
2024-09-24,BRL,5.549308387270167
2024-09-25,BRL,5.522944345679662
2024-09-26,BRL,5.442008268722777
2024-09-27,BRL,5.486111103795765
2024-09-28,BRL,5.53154597658455
2024-09-29,BRL,5.548037155874602
2024-09-30,BRL,5.5201295242287305
2024-10-01,BRL,5.484054266345866
2024-10-02,BRL,5.524091308422837
2024-10-03,BRL,5.500007458021429
2024-10-04,BRL,5.480515326478811
2024-10-05,BRL,5.507176587839432
2024-10-06,BRL,5.521364299029949
2024-10-07,BRL,5.451847260392916
2024-10-08,BRL,5.544833248630082
2024-10-09,BRL,5.529685210172865
2024-10-10,BRL,5.563167975230841
2024-10-11,BRL,5.4721495422288156
2024-10-12,BRL,5.483851582376103
2024-10-13,BRL,5.504002634211876
2024-10-14,BRL,5.4703617150020305
2024-10-15,BRL,5.460266451101208
2024-10-16,BRL,5.528063409722866
2024-10-17,BRL,5.4814231836998895
2024-10-18,BRL,5.50859972758533
2024-10-19,BRL,5.434959580353943
2024-10-20,BRL,5.521519070467605
2024-10-21,BRL,5.539115661879242
2024-10-22,BRL,5.49524569453213
2024-10-23,BRL,5.478920365216088
2024-10-24,BRL,5.5443445007676
2024-10-25,BRL,5.480719181991835
2024-10-26,BRL,5.454739818379067
2024-10-27,BRL,5.513627845588654
2024-10-28,BRL,5.506252738130115
2024-10-29,BRL,5.441284773007736
2024-10-30,BRL,5.534996961406428
2024-10-31,BRL,5.49577929556468
2024-11-01,BRL,5.5026594597560985
2024-11-02,BRL,5.523260600984284
2024-11-03,BRL,5.562690488232461
2024-11-04,BRL,5.483632028710636
2024-11-05,BRL,5.481474401073286
2024-11-06,BRL,5.519041050122429
2024-11-07,BRL,5.4335863665041675
2024-11-08,BRL,5.563995876253748
2024-11-09,BRL,5.475595614731172
2024-11-10,BRL,5.439484953806993
2024-11-11,BRL,5.496506013389625
2024-11-12,BRL,5.501171488537988
2024-11-13,BRL,5.440011776534062
2024-11-14,BRL,5.456180724618871
2024-11-15,BRL,5.4613180747002685
2024-11-16,BRL,5.451457443286102
2024-11-17,BRL,5.488956376428555
2024-11-18,BRL,5.516759955252537
2024-11-19,BRL,5.468975843978775
2024-11-20,BRL,5.508347027328222
2024-11-21,BRL,5.543261959831582
2024-11-22,BRL,5.435354227736923
2024-11-23,BRL,5.55513124491493
2024-11-24,BRL,5.443864266204088
2024-11-25,BRL,5.535267829641923
2024-11-26,BRL,5.453716573978324
2024-11-27,BRL,5.464233376674601
2024-11-28,BRL,5.455692867953181
2024-11-29,BRL,5.4894181741127
2024-11-30,BRL,5.519741338592006
2024-12-01,BRL,5.454015984172167
2024-12-02,BRL,5.495245147652752
2024-12-03,BRL,5.465054892404522
2024-12-04,BRL,5.50872905317663
2024-12-05,BRL,5.5052722753369245
2024-12-06,BRL,5.543128157347179
2024-12-07,BRL,5.462930301772703
2024-12-08,BRL,5.562660397125619
2024-12-09,BRL,5.5092632549144405
2024-12-10,BRL,5.490773184668502
2024-12-11,BRL,5.535351127474883
2024-12-12,BRL,5.479784331877822
2024-12-13,BRL,5.544223008099636
2024-12-14,BRL,5.53121481150527
2024-12-15,BRL,5.53501623922725
2024-12-16,BRL,5.494529035705051
2024-12-17,BRL,5.486367572233958
2024-12-18,BRL,5.562004947264482
2024-12-19,BRL,5.525063148817968
2024-12-20,BRL,5.488350570112683
2024-12-21,BRL,5.5038966173668245
2024-12-22,BRL,5.458360050427513
2024-12-23,BRL,5.545788004008519
2024-12-24,BRL,5.52105354385499
2024-12-25,BRL,5.503635364230013
2024-12-26,BRL,5.502865881488294
2024-12-27,BRL,5.516052886965517
2024-12-28,BRL,5.4936484418260365
2024-12-29,BRL,5.50235994972325
2024-12-30,BRL,5.451383372587722
2024-12-31,BRL,5.458812191600993
2025-01-01,BRL,5.5141626136679855
2025-01-02,BRL,5.500333983513288
2025-01-03,BRL,5.5367033435471695
2025-01-04,BRL,5.557844356904516
2025-01-05,BRL,5.476516531018966
2025-01-06,BRL,5.509171851053016
2025-01-07,BRL,5.432812657301613
2025-01-08,BRL,5.516461154725129
2025-01-09,BRL,5.506954573041633
2025-01-10,BRL,5.497743780925981
2025-01-11,BRL,5.481077372090121
2025-01-12,BRL,5.500282450649668
2025-01-13,BRL,5.556163197651666
2025-01-14,BRL,5.559129526043544
2025-01-15,BRL,5.481209601652305
2025-01-16,BRL,5.478091786815717
2025-01-17,BRL,5.515938526196791
2025-01-18,BRL,5.5449568123195405
2025-01-19,BRL,5.558413065002876
2025-01-20,BRL,5.469895727081399
2025-01-21,BRL,5.531505168368646
2025-01-22,BRL,5.561739525662308
2025-01-23,BRL,5.494361248604584
2025-01-24,BRL,5.4421082356722055
2025-01-25,BRL,5.535053185162808
2025-01-26,BRL,5.553330986797637
2025-01-27,BRL,5.537574116387153
2025-01-28,BRL,5.541414833535981
2025-01-29,BRL,5.510134126115468
2025-01-30,BRL,5.498876745832711
2025-01-31,BRL,5.549413634403924
2025-02-01,BRL,5.465732364375279
2025-02-02,BRL,5.524052923606879
2025-02-03,BRL,5.450127488455982
2025-02-04,BRL,5.509028061212221
2025-02-05,BRL,5.472015517691363
2025-02-06,BRL,5.489488260515598
2025-02-07,BRL,5.46941074076365
2025-02-08,BRL,5.469894006532204
2025-02-09,BRL,5.556619913181995
2025-02-10,BRL,5.551130538255579
2025-02-11,BRL,5.4937508897036444
2025-02-12,BRL,5.558016138445432
2025-02-13,BRL,5.492181453640954
2025-02-14,BRL,5.550965978618117
2025-02-15,BRL,5.432286087845297
2025-02-16,BRL,5.434707718740929
2025-02-17,BRL,5.515814253390516
2025-02-18,BRL,5.453196188986821
2025-02-19,BRL,5.49402568828008
2025-02-20,BRL,5.5156362714758895
2025-02-21,BRL,5.480602794113971
2025-02-22,BRL,5.54056663415401
2025-02-23,BRL,5.560279553252971
2025-02-24,BRL,5.433229004079313
2025-02-25,BRL,5.472721708725667
2025-02-26,BRL,5.448227458979637
2025-02-27,BRL,5.4960542027382475
2025-02-28,BRL,5.492720894138694
2025-03-01,BRL,5.517917986153952
2025-03-02,BRL,5.483375683123309
2025-03-03,BRL,5.515771660585783
2025-03-04,BRL,5.433936616644628
2025-03-05,BRL,5.442154444876299
2025-03-06,BRL,5.511359406790863
2025-03-07,BRL,5.503546358095626
2025-03-08,BRL,5.490666957277389
2025-03-09,BRL,5.441947312581047
2025-03-10,BRL,5.523807993578009
2025-03-11,BRL,5.5146186594666915
2025-03-12,BRL,5.4353060073084425
2025-03-13,BRL,5.561684626289432
2025-03-14,BRL,5.5350579794089265
2025-03-15,BRL,5.4886720574528685
2025-03-16,BRL,5.449588439623899
2025-03-17,BRL,5.467041688082709
2025-03-18,BRL,5.5518291347077495
2025-03-19,BRL,5.44398347231017
2025-03-20,BRL,5.5491139771914035
2025-03-21,BRL,5.530381941076715
2025-03-22,BRL,5.452892269050257
2025-03-23,BRL,5.538883403845672
2025-03-24,BRL,5.484229553275373
2025-03-25,BRL,5.525954401570745
2025-03-26,BRL,5.436917993269789
2025-03-27,BRL,5.437563077148075
2025-03-28,BRL,5.516624464809546
2025-03-29,BRL,5.474842229813799
2025-03-30,BRL,5.515059049526452
2025-03-31,BRL,5.523547194138159
2025-04-01,BRL,5.499476920028521
2025-04-02,BRL,5.478609440408942
2025-04-03,BRL,5.47615776564525
2025-04-04,BRL,5.4946339343963535
2025-04-05,BRL,5.509496512168643
2025-04-06,BRL,5.5411488281239745
2025-04-07,BRL,5.446226378215792
2025-04-08,BRL,5.511445566466909
2025-04-09,BRL,5.4746065414020775
2025-04-10,BRL,5.52933331799195
2025-04-11,BRL,5.551542681834193
2025-04-12,BRL,5.43927494420329
2025-04-13,BRL,5.445984654270949
2025-04-14,BRL,5.522347103555294
2025-04-15,BRL,5.48553097992345
2025-04-16,BRL,5.525630809502317
2025-04-17,BRL,5.433940816364222
2025-04-18,BRL,5.441451170607061
2025-04-19,BRL,5.513105436672282
2025-04-20,BRL,5.491644840937807
2025-04-21,BRL,5.497170986265303
2025-04-22,BRL,5.524297837081936
2025-04-23,BRL,5.478056900651216
2025-04-24,BRL,5.432836769677816
2025-04-25,BRL,5.45291837460099
2025-04-26,BRL,5.4777088548021124
2025-04-27,BRL,5.480866356714176
2025-04-28,BRL,5.552192200079745
2025-04-29,BRL,5.52164925187984
2025-04-30,BRL,5.516209332456664
2025-05-01,BRL,5.482240753517073
2025-05-02,BRL,5.532559119724307
2025-05-03,BRL,5.455881254317882
2025-05-04,BRL,5.445604979047074
2025-05-05,BRL,5.525672231662236
2025-05-06,BRL,5.557715244893317
2025-05-07,BRL,5.50604319906232
2025-05-08,BRL,5.494714059382043
2025-05-09,BRL,5.520675754273276
2025-05-10,BRL,5.465455070284411
2025-05-11,BRL,5.5144194393837465
2025-05-12,BRL,5.514933305403862
2025-05-13,BRL,5.559973141295557
2025-05-14,BRL,5.435200032421056
2025-05-15,BRL,5.453640439990225
2025-05-16,BRL,5.530456427495658
2025-05-17,BRL,5.525730767554802
2025-05-18,BRL,5.5499725286250055
2025-05-19,BRL,5.465928513846854
2025-05-20,BRL,5.477767581773282
2025-05-21,BRL,5.543818618854682
2025-05-22,BRL,5.444163619397276
2025-05-23,BRL,5.502320780314422
2025-05-24,BRL,5.552152795070408
2025-05-25,BRL,5.540006447540522
2025-05-26,BRL,5.514966104403764
2025-05-27,BRL,5.5183551797776
2025-05-28,BRL,5.442633307074785
2025-05-29,BRL,5.488627029910794
2025-05-30,BRL,5.52423726418318
2025-05-31,BRL,5.438507703786949
2025-06-01,BRL,5.435682427887537
2025-06-02,BRL,5.509690463677575
2025-06-03,BRL,5.45304177693941
2025-06-04,BRL,5.46862536323985
2025-06-05,BRL,5.516533378314067
2025-06-06,BRL,5.438583494506509
2025-06-07,BRL,5.4635146971388195
2025-06-08,BRL,5.508191958421468
2025-06-09,BRL,5.474532901573467
2025-06-10,BRL,5.545814934325439
2025-06-11,BRL,5.4853649022748625
2025-06-12,BRL,5.505035587877492
2025-06-13,BRL,5.471797265878412
2025-06-14,BRL,5.5580350542969175
2025-06-15,BRL,5.45283148478773
2025-06-16,BRL,5.458411590603704
2025-06-17,BRL,5.5403364954217595
2025-06-18,BRL,5.448093915185374
2025-06-19,BRL,5.460342654214377
2025-06-20,BRL,5.478440370417507
2025-06-21,BRL,5.448850590644414
2025-06-22,BRL,5.510511256049578
2025-06-23,BRL,5.563379842837974
2025-06-24,BRL,5.434052831727188
2025-06-25,BRL,5.49340696873297
2025-06-26,BRL,5.490313303034118
2025-06-27,BRL,5.473250514309208
2025-06-28,BRL,5.562432815505128
2025-06-29,BRL,5.516406655942206
2025-06-30,BRL,5.544407234889714
2025-07-01,BRL,5.450387885747499
2025-07-02,BRL,5.511829443767713
2025-07-03,BRL,5.555816618920487
2025-07-04,BRL,5.43597633292364
2025-07-05,BRL,5.4678305073164815
2025-07-06,BRL,5.470168903555723
2025-07-07,BRL,5.491837242643299
2025-07-08,BRL,5.527625781121433
2025-07-09,BRL,5.461387540089656
2025-07-10,BRL,5.533177128535216
2025-07-11,BRL,5.501871633152182
2025-07-12,BRL,5.490111632741271
2025-07-13,BRL,5.537493760380692
2025-07-14,BRL,5.438336722115649
2025-07-15,BRL,5.433845733908576
2025-07-16,BRL,5.494355682057486
2025-07-17,BRL,5.449904120960015
2025-07-18,BRL,5.437937317253418
2025-07-19,BRL,5.439565711948078
2025-07-20,BRL,5.579605
2025-07-21,BRL,5.567009
2025-07-22,BRL,5.565403
2025-07-23,BRL,5.517901
2025-07-24,BRL,5.5215
2025-07-25,BRL,5.561504
2025-07-26,BRL,5.561504
2025-07-27,BRL,5.566698
2025-07-28,BRL,5.588299
2025-07-29,BRL,5.574698
2025-07-30,BRL,5.576902
2025-07-31,BRL,5.600299
2025-08-01,BRL,5.538804
2025-08-02,BRL,5.538804
2025-08-03,BRL,5.5394
2025-08-04,BRL,5.497597
2025-08-05,BRL,5.5045
2025-08-06,BRL,5.4604
2025-08-07,BRL,5.415803
2025-08-08,BRL,5.431804
2025-08-09,BRL,5.431804
2025-08-10,BRL,5.433802
2025-08-11,BRL,5.4438
2025-08-12,BRL,5.402703
2025-08-13,BRL,5.392698
2025-08-14,BRL,5.410598
2025-08-15,BRL,5.400904
2025-08-16,BRL,5.400904
2025-08-17,BRL,5.401899
2025-08-18,BRL,5.437299
2023-01-01,EUR,0.8614175928295827
2023-01-02,EUR,0.8596265462560828
2023-01-03,EUR,0.8578665059058115
2023-01-04,EUR,0.8545746918930703
2023-01-05,EUR,0.8577712835454842
2023-01-06,EUR,0.8562163111971661
2023-01-07,EUR,0.8605055825348661
2023-01-08,EUR,0.8598775661147677
2023-01-09,EUR,0.8572960350587551
2023-01-10,EUR,0.8555977168723875
2023-01-11,EUR,0.8599381589186986
2023-01-12,EUR,0.8589374686641003
2023-01-13,EUR,0.8568151134409707
2023-01-14,EUR,0.8589490363693622
2023-01-15,EUR,0.8617655696175925
2023-01-16,EUR,0.854497309677821
2023-01-17,EUR,0.8545058144878941
2023-01-18,EUR,0.860304760735697
2023-01-19,EUR,0.859833979698705
2023-01-20,EUR,0.8601654228165365
2023-01-21,EUR,0.8561089510675141
2023-01-22,EUR,0.858895058292434
2023-01-23,EUR,0.8581990873362988
2023-01-24,EUR,0.8593101643703034
2023-01-25,EUR,0.8587177273889117
2023-01-26,EUR,0.8555229678701962
2023-01-27,EUR,0.8581191392268561
2023-01-28,EUR,0.8602307584530007
2023-01-29,EUR,0.8553169261329202
2023-01-30,EUR,0.8623751503515819
2023-01-31,EUR,0.8551816021978241
2023-02-01,EUR,0.8571872802314339
2023-02-02,EUR,0.8591864151623576
2023-02-03,EUR,0.8542741299821746
2023-02-04,EUR,0.8549824869371144
2023-02-05,EUR,0.8622735907900373
2023-02-06,EUR,0.8608700446608091
2023-02-07,EUR,0.8549467558286061
2023-02-08,EUR,0.8587060274526914
2023-02-09,EUR,0.8578753133021844
2023-02-10,EUR,0.8599840208050292
2023-02-11,EUR,0.8617613687419825
2023-02-12,EUR,0.8573578177032244
2023-02-13,EUR,0.8546583014207566
2023-02-14,EUR,0.8588675075707156
2023-02-15,EUR,0.8588944466675632
2023-02-16,EUR,0.8597443196260148
2023-02-17,EUR,0.860679011955507
2023-02-18,EUR,0.8593502187562718
2023-02-19,EUR,0.8619159900743375
2023-02-20,EUR,0.860906125930703
2023-02-21,EUR,0.8617749256257013
2023-02-22,EUR,0.8555321991175286
2023-02-23,EUR,0.8608357508230898
2023-02-24,EUR,0.8585835419359108
2023-02-25,EUR,0.8554042980932907
2023-02-26,EUR,0.8555714179356605
2023-02-27,EUR,0.8618975177881395
2023-02-28,EUR,0.8577486902227258
2023-03-01,EUR,0.8600762050352315
2023-03-02,EUR,0.856803425212067
2023-03-03,EUR,0.8585855082321016
2023-03-04,EUR,0.8570690433274608
2023-03-05,EUR,0.862223920987566
2023-03-06,EUR,0.854824356283907
2023-03-07,EUR,0.8576496727721874
2023-03-08,EUR,0.8581845490339594
2023-03-09,EUR,0.8603005100069557
2023-03-10,EUR,0.8590315773445623
2023-03-11,EUR,0.8565148673362395
2023-03-12,EUR,0.8553029413602232
2023-03-13,EUR,0.8614021933468006
2023-03-14,EUR,0.8549668987999901
2023-03-15,EUR,0.8560026491973791
2023-03-16,EUR,0.8569383540198887
2023-03-17,EUR,0.8545078796019628
2023-03-18,EUR,0.8552299046762027
2023-03-19,EUR,0.8607136561032257
2023-03-20,EUR,0.8558355739234583
2023-03-21,EUR,0.8570436658240452
2023-03-22,EUR,0.8609877571642535
2023-03-23,EUR,0.8599853647454092
2023-03-24,EUR,0.8542765279606365
2023-03-25,EUR,0.8548946347718734
2023-03-26,EUR,0.8587067098947673
2023-03-27,EUR,0.857866041505187
2023-03-28,EUR,0.8601894958842038
2023-03-29,EUR,0.8600893182351419
2023-03-30,EUR,0.8544633678482197
2023-03-31,EUR,0.8606897115301221
2023-04-01,EUR,0.8569188359902999
2023-04-02,EUR,0.8575201691479754
2023-04-03,EUR,0.854521682207361
2023-04-04,EUR,0.8606422797103008
2023-04-05,EUR,0.8581594081670162
2023-04-06,EUR,0.8583799016769796
2023-04-07,EUR,0.8586713785445818
2023-04-08,EUR,0.8608197406896844
2023-04-09,EUR,0.8546771302359697
2023-04-10,EUR,0.8553009104429403
2023-04-11,EUR,0.8543616716899074
2023-04-12,EUR,0.8544811669164005
2023-04-13,EUR,0.8586235487266807
2023-04-14,EUR,0.8622113518801501
2023-04-15,EUR,0.8604461499657275
2023-04-16,EUR,0.8558134761424129
2023-04-17,EUR,0.8613220320567236
2023-04-18,EUR,0.8544825698644658
2023-04-19,EUR,0.8555826821916863
2023-04-20,EUR,0.8599804947870553
2023-04-21,EUR,0.8555789534949377
2023-04-22,EUR,0.8613921966628872
2023-04-23,EUR,0.8550502057978765
2023-04-24,EUR,0.8594868973548411
2023-04-25,EUR,0.8545100794438981
2023-04-26,EUR,0.8577120254216419
2023-04-27,EUR,0.8589231677204561
2023-04-28,EUR,0.8571746238703518
2023-04-29,EUR,0.8604412974211744
2023-04-30,EUR,0.8555739013583914
2023-05-01,EUR,0.8586972294806849
2023-05-02,EUR,0.855941395654944
2023-05-03,EUR,0.8566685923397762
2023-05-04,EUR,0.8561403601481548
2023-05-05,EUR,0.8582761531134364
2023-05-06,EUR,0.8563190187357536
2023-05-07,EUR,0.8586523801466144
2023-05-08,EUR,0.8562196668005204
2023-05-09,EUR,0.860598957053554
2023-05-10,EUR,0.8590427407468085
2023-05-11,EUR,0.8565862530831816
2023-05-12,EUR,0.8577551273252574
2023-05-13,EUR,0.8581112092826265
2023-05-14,EUR,0.8588078515929289
2023-05-15,EUR,0.8556102769713224
2023-05-16,EUR,0.8607804994342136
2023-05-17,EUR,0.8612047091556422
2023-05-18,EUR,0.8585782621244136
2023-05-19,EUR,0.8554560237835368
2023-05-20,EUR,0.8584343486201644
2023-05-21,EUR,0.8584265826110055
2023-05-22,EUR,0.8572462323677327
2023-05-23,EUR,0.8592069978959621
2023-05-24,EUR,0.856870876918223
2023-05-25,EUR,0.8565633905783552
2023-05-26,EUR,0.8596260884065566
2023-05-27,EUR,0.8612789920934367
2023-05-28,EUR,0.8588417969474118
2023-05-29,EUR,0.8610628276757136
2023-05-30,EUR,0.8610464371725975
2023-05-31,EUR,0.856263582353732
2023-06-01,EUR,0.8552787291246617
2023-06-02,EUR,0.8566623037641423
2023-06-03,EUR,0.8551163826022926
2023-06-04,EUR,0.857434312742096
2023-06-05,EUR,0.8620408747781071
2023-06-06,EUR,0.8599457547165756
2023-06-07,EUR,0.8574683429702823
2023-06-08,EUR,0.8598002866794244
2023-06-09,EUR,0.854830704015686
2023-06-10,EUR,0.8556051465946755
2023-06-11,EUR,0.8559099393643868
2023-06-12,EUR,0.8611755409008073
2023-06-13,EUR,0.8587928747690509
2023-06-14,EUR,0.8551577365874765
2023-06-15,EUR,0.8611850371282046
2023-06-16,EUR,0.8566225438343763
2023-06-17,EUR,0.8609696111730313
2023-06-18,EUR,0.8601804418487808
2023-06-19,EUR,0.8572632067191813
2023-06-20,EUR,0.8558911900515573
2023-06-21,EUR,0.8614378025435256
2023-06-22,EUR,0.8593956897461494
2023-06-23,EUR,0.8605951142114112
2023-06-24,EUR,0.8615576859394576
2023-06-25,EUR,0.8607469185728811
2023-06-26,EUR,0.8587350405167866
2023-06-27,EUR,0.8554799241861951
2023-06-28,EUR,0.855876523541763
2023-06-29,EUR,0.8612867070324116
2023-06-30,EUR,0.8557154868795507
2023-07-01,EUR,0.8563897321292376
2023-07-02,EUR,0.8581798692376428
2023-07-03,EUR,0.8580921668814975
2023-07-04,EUR,0.8574121952949808
2023-07-05,EUR,0.8584457587576481
2023-07-06,EUR,0.85723434124776
2023-07-07,EUR,0.8607142385968469
2023-07-08,EUR,0.8579974144661919
2023-07-09,EUR,0.8621840504019729
2023-07-10,EUR,0.8555939207339529
2023-07-11,EUR,0.8621923956970882
2023-07-12,EUR,0.8609243391559249
2023-07-13,EUR,0.8568492890324597
2023-07-14,EUR,0.8614696229881355
2023-07-15,EUR,0.8549765448923208
2023-07-16,EUR,0.856137489988077
2023-07-17,EUR,0.8570666450436981
2023-07-18,EUR,0.8601516998919113
2023-07-19,EUR,0.8620295260140063
2023-07-20,EUR,0.8572803885564432
2023-07-21,EUR,0.8574309851403501
2023-07-22,EUR,0.8562021398436831
2023-07-23,EUR,0.8555337078658191
2023-07-24,EUR,0.8564212658998946
2023-07-25,EUR,0.8545262115495721
2023-07-26,EUR,0.8571395102406915
2023-07-27,EUR,0.8609310003606806
2023-07-28,EUR,0.8550204795960751
2023-07-29,EUR,0.8556306769494468
2023-07-30,EUR,0.860052684084871
2023-07-31,EUR,0.8618544269318603
2023-08-01,EUR,0.8602478860632818
2023-08-02,EUR,0.8585501452321099
2023-08-03,EUR,0.8547211344353781
2023-08-04,EUR,0.8546602488111282
2023-08-05,EUR,0.8613538063521923
2023-08-06,EUR,0.8624413481370481
2023-08-07,EUR,0.861434511875576
2023-08-08,EUR,0.8617369107371374
2023-08-09,EUR,0.8559678422488185
2023-08-10,EUR,0.8573425467170053
2023-08-11,EUR,0.8544091455159337
2023-08-12,EUR,0.8598431903924691
2023-08-13,EUR,0.8589812104369663
2023-08-14,EUR,0.8553133250668534
2023-08-15,EUR,0.8573496046301106
2023-08-16,EUR,0.8571428591808705
2023-08-17,EUR,0.8552345449649302
2023-08-18,EUR,0.8543981068465968
2023-08-19,EUR,0.8561207356150979
2023-08-20,EUR,0.854334623378384
2023-08-21,EUR,0.8595872110660625
2023-08-22,EUR,0.8545015026638297
2023-08-23,EUR,0.8600054428275037
2023-08-24,EUR,0.8547146452896763
2023-08-25,EUR,0.8591803195112059
2023-08-26,EUR,0.8570973965018429
2023-08-27,EUR,0.8623047829119411
2023-08-28,EUR,0.860049650608904
2023-08-29,EUR,0.8593956850090624
2023-08-30,EUR,0.8568725048673707
2023-08-31,EUR,0.859438290842013
2023-09-01,EUR,0.8548297559383297
2023-09-02,EUR,0.8624625396879628
2023-09-03,EUR,0.8543625286151264
2023-09-04,EUR,0.8557446714752055
2023-09-05,EUR,0.8587394465258532
2023-09-06,EUR,0.8620681428283612
2023-09-07,EUR,0.8555849233860454
2023-09-08,EUR,0.8618295889841744
2023-09-09,EUR,0.8557648116978289
2023-09-10,EUR,0.8551328507452923
2023-09-11,EUR,0.860949360227541
2023-09-12,EUR,0.8604652209365315
2023-09-13,EUR,0.8551611725953999
2023-09-14,EUR,0.8578283411998014
2023-09-15,EUR,0.8579692167291868
2023-09-16,EUR,0.8542687436183425
2023-09-17,EUR,0.8600904226312722
2023-09-18,EUR,0.8604459873597012
2023-09-19,EUR,0.861265274184512
2023-09-20,EUR,0.8548923408297583
2023-09-21,EUR,0.8583750061591083
2023-09-22,EUR,0.8569086882838469
2023-09-23,EUR,0.8612123320061804
2023-09-24,EUR,0.8592003086906902
2023-09-25,EUR,0.8574745995482489
2023-09-26,EUR,0.8566553545849795
2023-09-27,EUR,0.8572361229172445
2023-09-28,EUR,0.8616797480090188
2023-09-29,EUR,0.8607514040554175
2023-09-30,EUR,0.856642018490366
2023-10-01,EUR,0.8569427482776931
2023-10-02,EUR,0.8554051467516957
2023-10-03,EUR,0.8560250690841915
2023-10-04,EUR,0.8624256463030281
2023-10-05,EUR,0.8585650677826899
2023-10-06,EUR,0.8599063735595032
2023-10-07,EUR,0.8621401483425872
2023-10-08,EUR,0.8546371703671476
2023-10-09,EUR,0.8605714564287021
2023-10-10,EUR,0.8548720439287218
2023-10-11,EUR,0.8578204299735503
2023-10-12,EUR,0.8570331932099523
2023-10-13,EUR,0.8622795788934988
2023-10-14,EUR,0.8581386343654529
2023-10-15,EUR,0.8613384469110893
2023-10-16,EUR,0.8604376231558662
2023-10-17,EUR,0.8548172334123288
2023-10-18,EUR,0.8544885446526549
2023-10-19,EUR,0.8567789363851743
2023-10-20,EUR,0.8620086537333506
2023-10-21,EUR,0.8555535825089013
2023-10-22,EUR,0.8618640922725727
2023-10-23,EUR,0.8593544885668133
2023-10-24,EUR,0.8567335409664815
2023-10-25,EUR,0.8558093105125614
2023-10-26,EUR,0.8608095469883031
2023-10-27,EUR,0.8572541243733134
2023-10-28,EUR,0.8544964420787017
2023-10-29,EUR,0.8604636741994965
2023-10-30,EUR,0.8564208609739735
2023-10-31,EUR,0.8546510884975792
2023-11-01,EUR,0.8576347409887826
2023-11-02,EUR,0.8577167607654976
2023-11-03,EUR,0.8549627827087872
2023-11-04,EUR,0.8586036867359164
2023-11-05,EUR,0.8604554543131606
2023-11-06,EUR,0.8620435023000679
2023-11-07,EUR,0.8578379344286577
2023-11-08,EUR,0.8542952841744407
2023-11-09,EUR,0.8623631282832315
2023-11-10,EUR,0.8599225159038039
2023-11-11,EUR,0.862274444958706
2023-11-12,EUR,0.8578296436015649
2023-11-13,EUR,0.8552532672316363
2023-11-14,EUR,0.8618667048599865
2023-11-15,EUR,0.8580512432991397
2023-11-16,EUR,0.8544328643097199
2023-11-17,EUR,0.8577530749706042
2023-11-18,EUR,0.8617326179317442
2023-11-19,EUR,0.8545851913116222
2023-11-20,EUR,0.8557031722908576
2023-11-21,EUR,0.8582354095427082
2023-11-22,EUR,0.8617689013840398
2023-11-23,EUR,0.8588321534300882
2023-11-24,EUR,0.8565970800416725
2023-11-25,EUR,0.8608914896764805
2023-11-26,EUR,0.8587734187916922
2023-11-27,EUR,0.8568547302126587
2023-11-28,EUR,0.8584268622108062
2023-11-29,EUR,0.8621159245172167
2023-11-30,EUR,0.8602358482209994
2023-12-01,EUR,0.858479070731141
2023-12-02,EUR,0.8564669340013438
2023-12-03,EUR,0.8620467075774673
2023-12-04,EUR,0.8600246645953505
2023-12-05,EUR,0.8603765389365854
2023-12-06,EUR,0.8601028633132745
2023-12-07,EUR,0.8590945526333121
2023-12-08,EUR,0.8549353176545862
2023-12-09,EUR,0.8543074304831203
2023-12-10,EUR,0.8615978331486396
2023-12-11,EUR,0.861385628295061
2023-12-12,EUR,0.8548987961551908
2023-12-13,EUR,0.8613449902057084
2023-12-14,EUR,0.8592925362400491
2023-12-15,EUR,0.856931038544758
2023-12-16,EUR,0.8596188766300766
2023-12-17,EUR,0.8578141786988188
2023-12-18,EUR,0.8543293292840863
2023-12-19,EUR,0.8553677520351757
2023-12-20,EUR,0.8548842843553129
2023-12-21,EUR,0.8582578807789245
2023-12-22,EUR,0.856398477101044
2023-12-23,EUR,0.8547315782683084
2023-12-24,EUR,0.8543241390961237
2023-12-25,EUR,0.8571270114706533
2023-12-26,EUR,0.8554141379504133
2023-12-27,EUR,0.8571794318199449
2023-12-28,EUR,0.8605690243745295
2023-12-29,EUR,0.8590621063372984
2023-12-30,EUR,0.8614723748868642
2023-12-31,EUR,0.8594000053686002
2024-01-01,EUR,0.8569877722795877
2024-01-02,EUR,0.8621395121042179
2024-01-03,EUR,0.8564150490830572
2024-01-04,EUR,0.8622848631004333
2024-01-05,EUR,0.856512407644441
2024-01-06,EUR,0.861488682209475
2024-01-07,EUR,0.8565198931561964
2024-01-08,EUR,0.8569453468087586
2024-01-09,EUR,0.8608718547727527
2024-01-10,EUR,0.8547753497389249
2024-01-11,EUR,0.856123284471499
2024-01-12,EUR,0.8563519470932751
2024-01-13,EUR,0.8575076349436496
2024-01-14,EUR,0.8620328274279139
2024-01-15,EUR,0.8578328440279533
2024-01-16,EUR,0.8611771532200042
2024-01-17,EUR,0.8617778475476391
2024-01-18,EUR,0.8604040105997777
2024-01-19,EUR,0.8556777624979529
2024-01-20,EUR,0.8613181177876696
2024-01-21,EUR,0.855554342306762
2024-01-22,EUR,0.8567304249030222
2024-01-23,EUR,0.859204784686914
2024-01-24,EUR,0.8567976937970528
2024-01-25,EUR,0.857511253023471
2024-01-26,EUR,0.8549254547778273
2024-01-27,EUR,0.8542744973579152
2024-01-28,EUR,0.8580378107742422
2024-01-29,EUR,0.8570454283576527
2024-01-30,EUR,0.8546026031336754
2024-01-31,EUR,0.8591309648452572
2024-02-01,EUR,0.8556277971446392
2024-02-02,EUR,0.8557187435896131
2024-02-03,EUR,0.860636812692308
2024-02-04,EUR,0.8591129154137557
2024-02-05,EUR,0.8597155899510046
2024-02-06,EUR,0.8597773114581873
2024-02-07,EUR,0.8617665465086103
2024-02-08,EUR,0.8551980701862516
2024-02-09,EUR,0.8588604412102151
2024-02-10,EUR,0.8620220019064924
2024-02-11,EUR,0.8619102258231367
2024-02-12,EUR,0.8607610934715876
2024-02-13,EUR,0.8559010788100261
2024-02-14,EUR,0.8586579249249312
2024-02-15,EUR,0.856917448703457
2024-02-16,EUR,0.8616831994646643
2024-02-17,EUR,0.8571357809181986
2024-02-18,EUR,0.8542692685326828
2024-02-19,EUR,0.8543684910878517
2024-02-20,EUR,0.8606944257974637
2024-02-21,EUR,0.855564694924951
2024-02-22,EUR,0.8604167247928103
2024-02-23,EUR,0.8622978282665094
2024-02-24,EUR,0.8602769489888603
2024-02-25,EUR,0.8569378046610239
2024-02-26,EUR,0.855851386807101
2024-02-27,EUR,0.8574508758697503
2024-02-28,EUR,0.8611672116990297
2024-02-29,EUR,0.8556348048684385
2024-03-01,EUR,0.8571444603546919
2024-03-02,EUR,0.857601674731394
2024-03-03,EUR,0.8594867474966884
2024-03-04,EUR,0.8584496561786719
2024-03-05,EUR,0.8549632145509445
2024-03-06,EUR,0.8596337630653675
2024-03-07,EUR,0.857051533634565
2024-03-08,EUR,0.8593869993810401
2024-03-09,EUR,0.8548574421238779
2024-03-10,EUR,0.8565020345345156
2024-03-11,EUR,0.8608001224930998
2024-03-12,EUR,0.8616580194931028
2024-03-13,EUR,0.857006576208377
2024-03-14,EUR,0.8568147246172015
2024-03-15,EUR,0.8586870895064527
2024-03-16,EUR,0.8624632777294394
2024-03-17,EUR,0.8575803474227567
2024-03-18,EUR,0.8565929473463931
2024-03-19,EUR,0.8599489560232527
2024-03-20,EUR,0.8616313977619862
2024-03-21,EUR,0.8622704374810058
2024-03-22,EUR,0.8603366098947218
2024-03-23,EUR,0.8623650990481644
2024-03-24,EUR,0.8578289077336557
2024-03-25,EUR,0.8592226163927964
2024-03-26,EUR,0.8598619856480677
2024-03-27,EUR,0.8553433118239169
2024-03-28,EUR,0.8622912890012105
2024-03-29,EUR,0.8559775491291943
2024-03-30,EUR,0.8568922083271018
2024-03-31,EUR,0.859930735479824
2024-04-01,EUR,0.8596252687073475
2024-04-02,EUR,0.8556726748954763
2024-04-03,EUR,0.8608277906082095
2024-04-04,EUR,0.8568531457127501
2024-04-05,EUR,0.8569499477463758
2024-04-06,EUR,0.8602537089572866
2024-04-07,EUR,0.8558625554370618
2024-04-08,EUR,0.8577154634974683
2024-04-09,EUR,0.8593274183974761
2024-04-10,EUR,0.8581416543153801
2024-04-11,EUR,0.8591637466304417
2024-04-12,EUR,0.8585243932581894
2024-04-13,EUR,0.861554854877743
2024-04-14,EUR,0.8609052773394507
2024-04-15,EUR,0.8609863062666578
2024-04-16,EUR,0.8587590894044724
2024-04-17,EUR,0.8598965902717012
2024-04-18,EUR,0.8612255098951735
2024-04-19,EUR,0.8542722880700153
2024-04-20,EUR,0.862332302416492
2024-04-21,EUR,0.86126579656707
2024-04-22,EUR,0.8591670625727843
2024-04-23,EUR,0.8589588738153947
2024-04-24,EUR,0.8584702630516283
2024-04-25,EUR,0.8581012272625057
2024-04-26,EUR,0.8614894939650368
2024-04-27,EUR,0.8581723566031316
2024-04-28,EUR,0.8569693545076332
2024-04-29,EUR,0.8549253431248048
2024-04-30,EUR,0.8562936326935515
2024-05-01,EUR,0.8572124106324023
2024-05-02,EUR,0.857071661378073
2024-05-03,EUR,0.854769093927544
2024-05-04,EUR,0.8612479386250712
2024-05-05,EUR,0.8602676575787713
2024-05-06,EUR,0.8570629953811361
2024-05-07,EUR,0.8556491961089693
2024-05-08,EUR,0.8570268442518529
2024-05-09,EUR,0.8582198779285535
2024-05-10,EUR,0.8615757035988749
2024-05-11,EUR,0.8557154944384765
2024-05-12,EUR,0.8614760899511462
2024-05-13,EUR,0.858361670899566
2024-05-14,EUR,0.8614967579812127
2024-05-15,EUR,0.861480862335795
2024-05-16,EUR,0.85441675731404
2024-05-17,EUR,0.857625188729648
2024-05-18,EUR,0.8591237606085919
2024-05-19,EUR,0.8588006263650716
2024-05-20,EUR,0.8582611413578957
2024-05-21,EUR,0.8585094115326684
2024-05-22,EUR,0.8567162576975935
2024-05-23,EUR,0.8583104360653543
2024-05-24,EUR,0.8600288801615794
2024-05-25,EUR,0.8543291478441079
2024-05-26,EUR,0.8597323480288892
2024-05-27,EUR,0.8593455392583687
2024-05-28,EUR,0.8579140153688438
2024-05-29,EUR,0.8615711293238819
2024-05-30,EUR,0.8591001472087483
2024-05-31,EUR,0.8575588228272732
2024-06-01,EUR,0.8581195480046973
2024-06-02,EUR,0.8560575126031299
2024-06-03,EUR,0.8589555985949415
2024-06-04,EUR,0.8575980648046433
2024-06-05,EUR,0.8588679560749096
2024-06-06,EUR,0.856621557787209
2024-06-07,EUR,0.8618924154887952
2024-06-08,EUR,0.8548438879019481
2024-06-09,EUR,0.8543817085018272
2024-06-10,EUR,0.8581264026542579
2024-06-11,EUR,0.8610653263153271
2024-06-12,EUR,0.8587231216360164
2024-06-13,EUR,0.8598581478053173
2024-06-14,EUR,0.8562432579502051
2024-06-15,EUR,0.8547890666291563
2024-06-16,EUR,0.8579952065549217
2024-06-17,EUR,0.8551468484957987
2024-06-18,EUR,0.8613390043992585
2024-06-19,EUR,0.8622618139325144
2024-06-20,EUR,0.8614650004321842
2024-06-21,EUR,0.8588276494641204
2024-06-22,EUR,0.8587318691823924
2024-06-23,EUR,0.8595292306260844
2024-06-24,EUR,0.8561440062202412
2024-06-25,EUR,0.8621914882781412
2024-06-26,EUR,0.8545765360326771
2024-06-27,EUR,0.855821759342946
2024-06-28,EUR,0.858431520022233
2024-06-29,EUR,0.8554714965928168
2024-06-30,EUR,0.8608362933685728
2024-07-01,EUR,0.8579258978464498
2024-07-02,EUR,0.8555432905940407
2024-07-03,EUR,0.8594413128305494
2024-07-04,EUR,0.8556521518880804
2024-07-05,EUR,0.8559951774007737
2024-07-06,EUR,0.8544877126731019
2024-07-07,EUR,0.8555308054154456
2024-07-08,EUR,0.8543174980172494
2024-07-09,EUR,0.8617764485585534
2024-07-10,EUR,0.8543083609983816
2024-07-11,EUR,0.8561502672681492
2024-07-12,EUR,0.8603320495981326
2024-07-13,EUR,0.8557116146323663
2024-07-14,EUR,0.8553651086552886
2024-07-15,EUR,0.8611454598810809
2024-07-16,EUR,0.8593848645534328
2024-07-17,EUR,0.8592321892016044
2024-07-18,EUR,0.8564847981211636
2024-07-19,EUR,0.8561898167541343
2024-07-20,EUR,0.8582455911285334
2024-07-21,EUR,0.8564035494043716
2024-07-22,EUR,0.8611206803941808
2024-07-23,EUR,0.8577432380649804
2024-07-24,EUR,0.8609322485318337
2024-07-25,EUR,0.8558422875302876
2024-07-26,EUR,0.8591496631928095
2024-07-27,EUR,0.8556082308187736
2024-07-28,EUR,0.8606247599366093
2024-07-29,EUR,0.8586122882918709
2024-07-30,EUR,0.855959992302117
2024-07-31,EUR,0.8601121540972563
2024-08-01,EUR,0.8601152843966942
2024-08-02,EUR,0.8583250467699954
2024-08-03,EUR,0.8591269822116949
2024-08-04,EUR,0.8549963162311597
2024-08-05,EUR,0.862000938626896
2024-08-06,EUR,0.8617106282233863
2024-08-07,EUR,0.8545726072460813
2024-08-08,EUR,0.8600582344301901
2024-08-09,EUR,0.8564965756358567
2024-08-10,EUR,0.8617185557071816
2024-08-11,EUR,0.8608356080769881
2024-08-12,EUR,0.8624757278069137
2024-08-13,EUR,0.8624241905406804
2024-08-14,EUR,0.8597253754294047
2024-08-15,EUR,0.8590162055649151
2024-08-16,EUR,0.859883105286434
2024-08-17,EUR,0.8616087026027756
2024-08-18,EUR,0.8601364577798327
2024-08-19,EUR,0.8566503951156195
2024-08-20,EUR,0.8579102245564897
2024-08-21,EUR,0.8552060968113808
2024-08-22,EUR,0.856796895227582
2024-08-23,EUR,0.855805748736014
2024-08-24,EUR,0.8579718425920215
2024-08-25,EUR,0.857083667263779
2024-08-26,EUR,0.8607438759843781
2024-08-27,EUR,0.8544080197565337
2024-08-28,EUR,0.85606096546142
2024-08-29,EUR,0.8593415697603839
2024-08-30,EUR,0.8615653146476591
2024-08-31,EUR,0.8611270271583265
2024-09-01,EUR,0.8609693749634422
2024-09-02,EUR,0.8622893229399791
2024-09-03,EUR,0.8593100055361081
2024-09-04,EUR,0.8606171947204695
2024-09-05,EUR,0.857047380514562
2024-09-06,EUR,0.8585614887588854
2024-09-07,EUR,0.8623300928450023
2024-09-08,EUR,0.8621328561743204
2024-09-09,EUR,0.8601504600983179
2024-09-10,EUR,0.8548390355067774
2024-09-11,EUR,0.8585553277464171
2024-09-12,EUR,0.8585016857126414
2024-09-13,EUR,0.8567991541078072
2024-09-14,EUR,0.8572449057502677
2024-09-15,EUR,0.8620203143482262
2024-09-16,EUR,0.8572047088954484
2024-09-17,EUR,0.861596288805504
2024-09-18,EUR,0.8602797711485267
2024-09-19,EUR,0.8623632949713661
2024-09-20,EUR,0.8593440298614331
2024-09-21,EUR,0.858720017581973
2024-09-22,EUR,0.8618297654508086
2024-09-23,EUR,0.8610216820079322
2024-09-24,EUR,0.8555964230137248
2024-09-25,EUR,0.8584267371476436
2024-09-26,EUR,0.8621208724759344
2024-09-27,EUR,0.8613926668356581
2024-09-28,EUR,0.8622675521199603
2024-09-29,EUR,0.859698189696524
2024-09-30,EUR,0.8609549774439548
2024-10-01,EUR,0.8546382259160014
2024-10-02,EUR,0.8585527927333918
2024-10-03,EUR,0.8584592233211431
2024-10-04,EUR,0.8581721310320226
2024-10-05,EUR,0.8565932293127649
2024-10-06,EUR,0.8572579433337074
2024-10-07,EUR,0.8610479580180035
2024-10-08,EUR,0.8581270782602144
2024-10-09,EUR,0.8610677133340303
2024-10-10,EUR,0.8545601499260441
2024-10-11,EUR,0.8581734595522325
2024-10-12,EUR,0.8555226849081204
2024-10-13,EUR,0.8611101588981701
2024-10-14,EUR,0.8590425502205321
2024-10-15,EUR,0.8571350837158666
2024-10-16,EUR,0.8599493102187746
2024-10-17,EUR,0.8605982433038956
2024-10-18,EUR,0.8596456576045852
2024-10-19,EUR,0.8548985707639081
2024-10-20,EUR,0.8568172022503864
2024-10-21,EUR,0.8601788080933725
2024-10-22,EUR,0.8623247391839401
2024-10-23,EUR,0.8546832236662849
2024-10-24,EUR,0.854959718488819
2024-10-25,EUR,0.8555229640510464
2024-10-26,EUR,0.8591392472413224
2024-10-27,EUR,0.8578750645857031
2024-10-28,EUR,0.8582879032975559
2024-10-29,EUR,0.8565782717277108
2024-10-30,EUR,0.8574590816820952
2024-10-31,EUR,0.8602976799495232
2024-11-01,EUR,0.8576071904514333
2024-11-02,EUR,0.8607669973528822
2024-11-03,EUR,0.857373100250363
2024-11-04,EUR,0.8573731212411028
2024-11-05,EUR,0.8584335025872633
2024-11-06,EUR,0.858042154966482
2024-11-07,EUR,0.854389071638485
2024-11-08,EUR,0.8564038112602047
2024-11-09,EUR,0.8591035484733412
2024-11-10,EUR,0.8557143808432325
2024-11-11,EUR,0.8622767193947704
2024-11-12,EUR,0.8612036131336055
2024-11-13,EUR,0.8622521347012021
2024-11-14,EUR,0.8544007181320505
2024-11-15,EUR,0.856550098019031
2024-11-16,EUR,0.8561985127930414
2024-11-17,EUR,0.8615443512386636
2024-11-18,EUR,0.8613907812972823
2024-11-19,EUR,0.857170335125699
2024-11-20,EUR,0.8556482655770947
2024-11-21,EUR,0.8603355756090816
2024-11-22,EUR,0.8593867973074665
2024-11-23,EUR,0.8561734443956279
2024-11-24,EUR,0.8624005298520127
2024-11-25,EUR,0.8543042318341069
2024-11-26,EUR,0.8593898353283226
2024-11-27,EUR,0.8559429625940667
2024-11-28,EUR,0.8576292043320443
2024-11-29,EUR,0.8617059064969884
2024-11-30,EUR,0.8553910220248772
2024-12-01,EUR,0.8556430201575478
2024-12-02,EUR,0.8610063975956451
2024-12-03,EUR,0.8554579609233456
2024-12-04,EUR,0.8579048691624108
2024-12-05,EUR,0.8586074044995183
2024-12-06,EUR,0.8620520718763522
2024-12-07,EUR,0.8577117946632808
2024-12-08,EUR,0.8559070413212744
2024-12-09,EUR,0.8543125045436131
2024-12-10,EUR,0.8588391271706672
2024-12-11,EUR,0.8554807623438643
2024-12-12,EUR,0.8594177391934025
2024-12-13,EUR,0.8563245477360814
2024-12-14,EUR,0.8555634622768415
2024-12-15,EUR,0.8587510172409325
2024-12-16,EUR,0.8590597449586799
2024-12-17,EUR,0.8587424590859682
2024-12-18,EUR,0.8610563322393742
2024-12-19,EUR,0.8605192400135607
2024-12-20,EUR,0.854552850101392
2024-12-21,EUR,0.8572295820571703
2024-12-22,EUR,0.8596857518396854
2024-12-23,EUR,0.8584006252839187
2024-12-24,EUR,0.8546561415968146
2024-12-25,EUR,0.859127136791902
2024-12-26,EUR,0.8552188239419333
2024-12-27,EUR,0.8545555007395436
2024-12-28,EUR,0.8574784111081127
2024-12-29,EUR,0.85453199001597
2024-12-30,EUR,0.8555902081534902
2024-12-31,EUR,0.8615078340779445
2025-01-01,EUR,0.8579667369954281
2025-01-02,EUR,0.856879512392192
2025-01-03,EUR,0.8560677395439402
2025-01-04,EUR,0.8574024739770479
2025-01-05,EUR,0.8621267581404529
2025-01-06,EUR,0.8623089922653304
2025-01-07,EUR,0.8602052859244079
2025-01-08,EUR,0.859821820060738
2025-01-09,EUR,0.8595195934653506
2025-01-10,EUR,0.8607851337412539
2025-01-11,EUR,0.859935670583411
2025-01-12,EUR,0.8548200664218518
2025-01-13,EUR,0.8599470370796546
2025-01-14,EUR,0.8595976869642502
2025-01-15,EUR,0.8555900823666825
2025-01-16,EUR,0.8548282720557593
2025-01-17,EUR,0.8611982710083982
2025-01-18,EUR,0.8604313763553684
2025-01-19,EUR,0.858761622890678
2025-01-20,EUR,0.8593881922531775
2025-01-21,EUR,0.8576374437930708
2025-01-22,EUR,0.8579113440608284
2025-01-23,EUR,0.8543451127183742
2025-01-24,EUR,0.8569460818174557
2025-01-25,EUR,0.8560108335816567
2025-01-26,EUR,0.86177098097076
2025-01-27,EUR,0.8621293568633666
2025-01-28,EUR,0.8549409953986679
2025-01-29,EUR,0.8589226098956837
2025-01-30,EUR,0.8583741660304204
2025-01-31,EUR,0.8599853315913693
2025-02-01,EUR,0.8619069510423292
2025-02-02,EUR,0.8584831774822319
2025-02-03,EUR,0.855952070120216
2025-02-04,EUR,0.8585452219257735
2025-02-05,EUR,0.8600286919075546
2025-02-06,EUR,0.8577353901597923
2025-02-07,EUR,0.861480249248467
2025-02-08,EUR,0.8604029385541774
2025-02-09,EUR,0.8599265446383021
2025-02-10,EUR,0.8612037197961938
2025-02-11,EUR,0.8551548041564243
2025-02-12,EUR,0.8616734935178154
2025-02-13,EUR,0.8555022785467172
2025-02-14,EUR,0.858531483098304
2025-02-15,EUR,0.8584981605705259
2025-02-16,EUR,0.8619469501447231
2025-02-17,EUR,0.8602124226338779
2025-02-18,EUR,0.8566675216777209
2025-02-19,EUR,0.8587397714334941
2025-02-20,EUR,0.8623935659702935
2025-02-21,EUR,0.8582745166490318
2025-02-22,EUR,0.8561236024508568
2025-02-23,EUR,0.8560336418300158
2025-02-24,EUR,0.855890317052613
2025-02-25,EUR,0.8601610967333883
2025-02-26,EUR,0.8556884028621002
2025-02-27,EUR,0.8579383294780702
2025-02-28,EUR,0.8586849212879158
2025-03-01,EUR,0.8607666146402145
2025-03-02,EUR,0.8553136739013528
2025-03-03,EUR,0.8553020409646385
2025-03-04,EUR,0.8596861500628913
2025-03-05,EUR,0.8581590518863701
2025-03-06,EUR,0.8568994599143257
2025-03-07,EUR,0.8612688550752714
2025-03-08,EUR,0.8554041266820785
2025-03-09,EUR,0.8574020681613272
2025-03-10,EUR,0.8584796679848266
2025-03-11,EUR,0.8594475476665534
2025-03-12,EUR,0.8618450718686111
2025-03-13,EUR,0.8586574961136024
2025-03-14,EUR,0.8567449909944221
2025-03-15,EUR,0.8572821717623552
2025-03-16,EUR,0.8573594504977837
2025-03-17,EUR,0.857440078914043
2025-03-18,EUR,0.8557872770759963
2025-03-19,EUR,0.8576640041931316
2025-03-20,EUR,0.8617948233677832
2025-03-21,EUR,0.8563980220993433
2025-03-22,EUR,0.8621231923932908
2025-03-23,EUR,0.8608425630190523
2025-03-24,EUR,0.8567743279754823
2025-03-25,EUR,0.8615756109809478
2025-03-26,EUR,0.8568660196350927
2025-03-27,EUR,0.8599842451612204
2025-03-28,EUR,0.8572867684045287
2025-03-29,EUR,0.8577155113723884
2025-03-30,EUR,0.861236005365198
2025-03-31,EUR,0.8610254076800172
2025-04-01,EUR,0.858342737331003
2025-04-02,EUR,0.8613487176548907
2025-04-03,EUR,0.8599440168418475
2025-04-04,EUR,0.8561579903985316
2025-04-05,EUR,0.8614564961007903
2025-04-06,EUR,0.854851978143382
2025-04-07,EUR,0.859719737466121
2025-04-08,EUR,0.8613842531266246
2025-04-09,EUR,0.8575779981797138
2025-04-10,EUR,0.8553810655948719
2025-04-11,EUR,0.8622534861078128
2025-04-12,EUR,0.8544384665340223
2025-04-13,EUR,0.8554852808864454
2025-04-14,EUR,0.8590203804978087
2025-04-15,EUR,0.8597973515963018
2025-04-16,EUR,0.8576731239685976
2025-04-17,EUR,0.8602307774393103
2025-04-18,EUR,0.8563559276224264
2025-04-19,EUR,0.8561610139254746
2025-04-20,EUR,0.8604227182431481
2025-04-21,EUR,0.8583962622995066
2025-04-22,EUR,0.8597416837814633
2025-04-23,EUR,0.8599209782943351
2025-04-24,EUR,0.8546656959671282
2025-04-25,EUR,0.8598836778247216
2025-04-26,EUR,0.8580707282551493
2025-04-27,EUR,0.8609473948822381
2025-04-28,EUR,0.8619699066671812
2025-04-29,EUR,0.8546918759338006
2025-04-30,EUR,0.8564815682408395
2025-05-01,EUR,0.8590020525129806
2025-05-02,EUR,0.859734340670848
2025-05-03,EUR,0.8567689320024086
2025-05-04,EUR,0.8581345815652935
2025-05-05,EUR,0.8622244819531213
2025-05-06,EUR,0.8552793271153012
2025-05-07,EUR,0.8556451255384857
2025-05-08,EUR,0.8616916737872681
2025-05-09,EUR,0.8572927959100478
2025-05-10,EUR,0.8577401622790966
2025-05-11,EUR,0.8590291360808405
2025-05-12,EUR,0.8559582441057431
2025-05-13,EUR,0.8603252022718889
2025-05-14,EUR,0.8596697141151217
2025-05-15,EUR,0.855865229541457
2025-05-16,EUR,0.8573906033292304
2025-05-17,EUR,0.8557411698575478
2025-05-18,EUR,0.8621316212689769
2025-05-19,EUR,0.8547539465715525
2025-05-20,EUR,0.8593965494840536
2025-05-21,EUR,0.8542699266209809
2025-05-22,EUR,0.8543596962592491
2025-05-23,EUR,0.8573809614663891
2025-05-24,EUR,0.8605890418696734
2025-05-25,EUR,0.8561902117805003
2025-05-26,EUR,0.8600283085462743
2025-05-27,EUR,0.8594778550121126
2025-05-28,EUR,0.8609144017324978
2025-05-29,EUR,0.8619313613312848
2025-05-30,EUR,0.8588446936594957
2025-05-31,EUR,0.8565133399373921
2025-06-01,EUR,0.8550353914083382
2025-06-02,EUR,0.8616674355418912
2025-06-03,EUR,0.8611551719419085
2025-06-04,EUR,0.8545097019242609
2025-06-05,EUR,0.8614292580403523
2025-06-06,EUR,0.8613250055588385
2025-06-07,EUR,0.8543322009496824
2025-06-08,EUR,0.8588092046261397
2025-06-09,EUR,0.8567357953738144
2025-06-10,EUR,0.8621412604617726
2025-06-11,EUR,0.8591026185977777
2025-06-12,EUR,0.85997599365956
2025-06-13,EUR,0.861464424215349
2025-06-14,EUR,0.8553284983726314
2025-06-15,EUR,0.8605486790466801
2025-06-16,EUR,0.8582324337508649
2025-06-17,EUR,0.8546088006854955
2025-06-18,EUR,0.8615890737814572
2025-06-19,EUR,0.8553465412204545
2025-06-20,EUR,0.8580931712654916
2025-06-21,EUR,0.8607815239737959
2025-06-22,EUR,0.8582964390035208
2025-06-23,EUR,0.8550854769960503
2025-06-24,EUR,0.8578561468696505
2025-06-25,EUR,0.8577877814943199
2025-06-26,EUR,0.8579004415473902
2025-06-27,EUR,0.8613415583183279
2025-06-28,EUR,0.8548722759856642
2025-06-29,EUR,0.8624989424078212
2025-06-30,EUR,0.8612490115075102
2025-07-01,EUR,0.8579571836809028
2025-07-02,EUR,0.8599566718695638
2025-07-03,EUR,0.8585497766612746
2025-07-04,EUR,0.8616616329118982
2025-07-05,EUR,0.8601320800473922
2025-07-06,EUR,0.8622803605112387
2025-07-07,EUR,0.8563088469605241
2025-07-08,EUR,0.8566992643522409
2025-07-09,EUR,0.8573723905434826
2025-07-10,EUR,0.8564667227796753
2025-07-11,EUR,0.8620305518847343
2025-07-12,EUR,0.856239934048675
2025-07-13,EUR,0.8586528613644084
2025-07-14,EUR,0.8598978003428943
2025-07-15,EUR,0.8561389746476534
2025-07-16,EUR,0.8575804667662803
2025-07-17,EUR,0.8592142968607915
2025-07-18,EUR,0.8575115130432791
2025-07-19,EUR,0.8574302654553765
2025-07-20,EUR,0.85983
2025-07-21,EUR,0.85512
2025-07-22,EUR,0.85188
2025-07-23,EUR,0.84935
2025-07-24,EUR,0.85066
2025-07-25,EUR,0.851304
2025-07-26,EUR,0.851304
2025-07-27,EUR,0.850615
2025-07-28,EUR,0.86235
2025-07-29,EUR,0.86578
2025-07-30,EUR,0.87499
2025-07-31,EUR,0.87541
2025-08-01,EUR,0.86255
2025-08-02,EUR,0.86255
2025-08-03,EUR,0.8631
2025-08-04,EUR,0.86329
2025-08-05,EUR,0.86366
2025-08-06,EUR,0.85744
2025-08-07,EUR,0.856465
2025-08-08,EUR,0.858504
2025-08-09,EUR,0.858504
2025-08-10,EUR,0.85855
2025-08-11,EUR,0.860797
2025-08-12,EUR,0.856399
2025-08-13,EUR,0.85379
2025-08-14,EUR,0.85832
2025-08-15,EUR,0.85425
2025-08-16,EUR,0.85425
2025-08-17,EUR,0.854259
2025-08-18,EUR,0.856975
2023-01-01,CLP,962.2223480137702
2023-01-02,CLP,961.8503273344546
2023-01-03,CLP,961.7958760363928
2023-01-04,CLP,965.3080986497812
2023-01-05,CLP,957.3246145837755
2023-01-06,CLP,963.9840195581849
2023-01-07,CLP,957.5480002624313
2023-01-08,CLP,960.3956549421777
2023-01-09,CLP,959.0114696320776
2023-01-10,CLP,966.5982203268371
2023-01-11,CLP,964.1362165065392
2023-01-12,CLP,959.3031566101446
2023-01-13,CLP,963.1737032607797
2023-01-14,CLP,959.1291730245989
2023-01-15,CLP,960.9311923307598
2023-01-16,CLP,965.7706488576372
2023-01-17,CLP,966.5476849644928
2023-01-18,CLP,964.6976626981253
2023-01-19,CLP,963.5913945784756
2023-01-20,CLP,964.5147274685982
2023-01-21,CLP,968.7110922717287
2023-01-22,CLP,961.2297992040684
2023-01-23,CLP,966.223028197875
2023-01-24,CLP,960.7880967419244
2023-01-25,CLP,966.0694275231674
2023-01-26,CLP,964.0903947035806
2023-01-27,CLP,967.374443409687
2023-01-28,CLP,968.4467067794978
2023-01-29,CLP,963.997186801239
2023-01-30,CLP,960.0799524838138
2023-01-31,CLP,957.502528799252
2023-02-01,CLP,957.3451694394748
2023-02-02,CLP,967.3846394219671
2023-02-03,CLP,964.677745988397
2023-02-04,CLP,967.3045926684058
2023-02-05,CLP,960.8025642315002
2023-02-06,CLP,963.4935077941686
2023-02-07,CLP,959.9079112008651
2023-02-08,CLP,959.7669363501999
2023-02-09,CLP,966.9553785346386
2023-02-10,CLP,961.3545265560949
2023-02-11,CLP,964.0042755235401
2023-02-12,CLP,961.0635961275995
2023-02-13,CLP,964.8830609196917
2023-02-14,CLP,963.0438068768098
2023-02-15,CLP,967.444774949977
2023-02-16,CLP,959.0455888000816
2023-02-17,CLP,959.6333461865621
2023-02-18,CLP,966.5656615853064
2023-02-19,CLP,961.659201593073
2023-02-20,CLP,966.2955313950347
2023-02-21,CLP,962.4445845001998
2023-02-22,CLP,964.6550980917643
2023-02-23,CLP,963.2362456399532
2023-02-24,CLP,966.2673716743735
2023-02-25,CLP,967.0589542244207
2023-02-26,CLP,957.6759779448195
2023-02-27,CLP,964.6425281841124
2023-02-28,CLP,958.8676757061904
2023-03-01,CLP,960.6963845284561
2023-03-02,CLP,968.2319030537228
2023-03-03,CLP,967.0641730855207
2023-03-04,CLP,958.7214143541328
2023-03-05,CLP,960.1654082939987
2023-03-06,CLP,967.7996131484269
2023-03-07,CLP,964.6197920879523
2023-03-08,CLP,962.5163993821216
2023-03-09,CLP,963.957267544744
2023-03-10,CLP,958.977045268431
2023-03-11,CLP,957.6448811895502
2023-03-12,CLP,966.7967748963655
2023-03-13,CLP,958.8242352351294
2023-03-14,CLP,958.2957670537317
2023-03-15,CLP,957.4401873089915
2023-03-16,CLP,958.4797609147038
2023-03-17,CLP,967.4681025105026
2023-03-18,CLP,967.1418933725129
2023-03-19,CLP,966.4940355542005
2023-03-20,CLP,964.2427870888255
2023-03-21,CLP,964.5083997030903
2023-03-22,CLP,965.4451497724169
2023-03-23,CLP,963.7855592021934
2023-03-24,CLP,960.4594356702366
2023-03-25,CLP,963.041783758296
2023-03-26,CLP,959.841883371009
2023-03-27,CLP,965.8778908206478
2023-03-28,CLP,966.9076223322018
2023-03-29,CLP,962.148174026783
2023-03-30,CLP,967.796408948137
2023-03-31,CLP,958.1911034232843
2023-04-01,CLP,961.0427910274237
2023-04-02,CLP,961.1970017988823
2023-04-03,CLP,961.128882844486
2023-04-04,CLP,963.8593036796665
2023-04-05,CLP,963.6067655616182
2023-04-06,CLP,967.04029949058
2023-04-07,CLP,958.6744932770847
2023-04-08,CLP,961.0208493521147
2023-04-09,CLP,965.9018921509054
2023-04-10,CLP,968.5671502206889
2023-04-11,CLP,964.2906482798594
2023-04-12,CLP,966.9752726611611
2023-04-13,CLP,960.112023023313
2023-04-14,CLP,967.3052634194673
2023-04-15,CLP,961.7174107264239
2023-04-16,CLP,960.3885503968901
2023-04-17,CLP,963.004018856949
2023-04-18,CLP,961.5930664744319
2023-04-19,CLP,965.3878602502582
2023-04-20,CLP,960.4688039888158
2023-04-21,CLP,967.9860967022759
2023-04-22,CLP,966.5549366973419
2023-04-23,CLP,960.4658483486456
2023-04-24,CLP,960.8874839406296
2023-04-25,CLP,964.8924384099723
2023-04-26,CLP,956.8505216385569
2023-04-27,CLP,965.7937744718215
2023-04-28,CLP,961.4841945766276
2023-04-29,CLP,965.2534204632592
2023-04-30,CLP,961.0082089239875
2023-05-01,CLP,966.7376233771461
2023-05-02,CLP,966.51996166387
2023-05-03,CLP,959.4273363826778
2023-05-04,CLP,960.900750052621
2023-05-05,CLP,960.2992283815544
2023-05-06,CLP,962.8700154815167
2023-05-07,CLP,968.0232176692872
2023-05-08,CLP,959.9660661442357
2023-05-09,CLP,957.5649662880253
2023-05-10,CLP,962.1506787881833
2023-05-11,CLP,960.8355514813491
2023-05-12,CLP,959.9702268214052
2023-05-13,CLP,957.3221136649016
2023-05-14,CLP,962.7899757691715
2023-05-15,CLP,959.0747118932908
2023-05-16,CLP,961.9500765311278
2023-05-17,CLP,965.9858997467871
2023-05-18,CLP,957.4759117212185
2023-05-19,CLP,966.2818676066544
2023-05-20,CLP,959.2512617246626
2023-05-21,CLP,962.5235762229165
2023-05-22,CLP,966.4856821537657
2023-05-23,CLP,965.4864853997017
2023-05-24,CLP,966.6814169125886
2023-05-25,CLP,962.2780997093076
2023-05-26,CLP,960.5051316989717
2023-05-27,CLP,964.7763656894645
2023-05-28,CLP,963.0930234651877
2023-05-29,CLP,967.164302827645
2023-05-30,CLP,963.6581534238044
2023-05-31,CLP,961.5949656750487
2023-06-01,CLP,964.91695089264
2023-06-02,CLP,965.5929251998226
2023-06-03,CLP,965.6644987592723
2023-06-04,CLP,965.3987786298679
2023-06-05,CLP,958.1749002715768
2023-06-06,CLP,963.1906631270755
2023-06-07,CLP,964.9122546922774
2023-06-08,CLP,958.2809517278388
2023-06-09,CLP,966.787849759787
2023-06-10,CLP,957.2174126642714
2023-06-11,CLP,957.581807102434
2023-06-12,CLP,961.8525432006021
2023-06-13,CLP,962.059869733814
2023-06-14,CLP,958.9199629594342
2023-06-15,CLP,956.9693266809273
2023-06-16,CLP,959.7470438630033
2023-06-17,CLP,958.4967284381328
2023-06-18,CLP,965.4257617234427
2023-06-19,CLP,964.5386382161319
2023-06-20,CLP,962.7136958985974
2023-06-21,CLP,959.3171040529547
2023-06-22,CLP,959.2269938438636
2023-06-23,CLP,963.9251623659784
2023-06-24,CLP,958.2924985525455
2023-06-25,CLP,956.9245265964428
2023-06-26,CLP,958.2929397385353
2023-06-27,CLP,957.7655454974495
2023-06-28,CLP,957.8633201410615
2023-06-29,CLP,959.0307340949857
2023-06-30,CLP,960.0800323289088
2023-07-01,CLP,957.2147152082265
2023-07-02,CLP,962.860337077388
2023-07-03,CLP,966.2800899103884
2023-07-04,CLP,957.0530000307225
2023-07-05,CLP,964.9920427121441
2023-07-06,CLP,965.6643696581154
2023-07-07,CLP,963.3792849942027
2023-07-08,CLP,957.46552229359
2023-07-09,CLP,968.6328919352803
2023-07-10,CLP,961.9773205753489
2023-07-11,CLP,962.2947776721592
2023-07-12,CLP,963.6699308571247
2023-07-13,CLP,964.5565338655704
2023-07-14,CLP,958.7664361084866
2023-07-15,CLP,966.2804441698681
2023-07-16,CLP,959.6038968280735
2023-07-17,CLP,965.3577569879308
2023-07-18,CLP,963.4578297246587
2023-07-19,CLP,960.4218398513143
2023-07-20,CLP,967.2115241722493
2023-07-21,CLP,964.4918752836077
2023-07-22,CLP,959.333018925237
2023-07-23,CLP,968.0664788740754
2023-07-24,CLP,966.2329443482193
2023-07-25,CLP,957.8379567918743
2023-07-26,CLP,959.5001265086153
2023-07-27,CLP,967.1324118360147
2023-07-28,CLP,966.5709042952332
2023-07-29,CLP,963.0144561114838
2023-07-30,CLP,962.5651548337553
2023-07-31,CLP,958.7515853522618
2023-08-01,CLP,958.1318753219407
2023-08-02,CLP,961.4588253556898
2023-08-03,CLP,968.2761833839801
2023-08-04,CLP,963.7076821044625
2023-08-05,CLP,957.4942963946302
2023-08-06,CLP,960.1088313376753
2023-08-07,CLP,960.0831906096355
2023-08-08,CLP,964.2953727013427
2023-08-09,CLP,965.2725930183123
2023-08-10,CLP,962.423911590782
2023-08-11,CLP,962.9291355516664
2023-08-12,CLP,967.745103949942
2023-08-13,CLP,962.9684314664707
2023-08-14,CLP,959.5291437720468
2023-08-15,CLP,960.9550555604806
2023-08-16,CLP,960.2470985475151
2023-08-17,CLP,964.9378940472993
2023-08-18,CLP,963.3683243190586
2023-08-19,CLP,964.8074141729745
2023-08-20,CLP,962.5434287861466
2023-08-21,CLP,968.1798601563091
2023-08-22,CLP,964.3801795168807
2023-08-23,CLP,962.2060139874424
2023-08-24,CLP,957.1270066541458
2023-08-25,CLP,958.9898976075915
2023-08-26,CLP,964.7737381960311
2023-08-27,CLP,967.3860485912866
2023-08-28,CLP,958.0546567724375
2023-08-29,CLP,959.0284557616524
2023-08-30,CLP,966.4637619153234
2023-08-31,CLP,962.5237941410239
2023-09-01,CLP,966.0279155687721
2023-09-02,CLP,961.1162269954168
2023-09-03,CLP,961.8164213090364
2023-09-04,CLP,959.2341319666209
2023-09-05,CLP,968.1620133547174
2023-09-06,CLP,965.6367061371667
2023-09-07,CLP,957.5043702964131
2023-09-08,CLP,968.7639890390883
2023-09-09,CLP,963.0528764093635
2023-09-10,CLP,962.9501204802007
2023-09-11,CLP,961.471132747529
2023-09-12,CLP,966.79293413163
2023-09-13,CLP,958.8127947480064
2023-09-14,CLP,958.2526550321696
2023-09-15,CLP,966.0082186921348
2023-09-16,CLP,967.6467081970742
2023-09-17,CLP,961.5508058527977
2023-09-18,CLP,965.2228695614857
2023-09-19,CLP,957.9859676069385
2023-09-20,CLP,960.8435944363877
2023-09-21,CLP,959.4404583955959
2023-09-22,CLP,963.1637527213117
2023-09-23,CLP,968.1898109180484
2023-09-24,CLP,968.6703058287433
2023-09-25,CLP,961.6475895354962
2023-09-26,CLP,964.7057874256155
2023-09-27,CLP,968.4599411944017
2023-09-28,CLP,961.6638513048345
2023-09-29,CLP,966.1859909516347
2023-09-30,CLP,961.0868906456814
2023-10-01,CLP,964.5023750035979
2023-10-02,CLP,964.1663898704865
2023-10-03,CLP,968.7780046381388
2023-10-04,CLP,966.4366824341766
2023-10-05,CLP,961.2802613303014
2023-10-06,CLP,968.2822071340119
2023-10-07,CLP,967.8087260163808
2023-10-08,CLP,964.1149955766856
2023-10-09,CLP,960.1979972061383
2023-10-10,CLP,957.3683462834246
2023-10-11,CLP,966.2553053030279
2023-10-12,CLP,958.7729760696299
2023-10-13,CLP,958.2330599819218
2023-10-14,CLP,965.6698167839846
2023-10-15,CLP,959.6964783309693
2023-10-16,CLP,961.8070465170564
2023-10-17,CLP,962.8795223101636
2023-10-18,CLP,964.5901778044189
2023-10-19,CLP,967.5673237201755
2023-10-20,CLP,965.7250942348221
2023-10-21,CLP,968.7687159593775
2023-10-22,CLP,958.4985500397523
2023-10-23,CLP,965.3183220860616
2023-10-24,CLP,968.3373652974542
2023-10-25,CLP,961.6950053281114
2023-10-26,CLP,967.1298703291122
2023-10-27,CLP,962.1276312758691
2023-10-28,CLP,961.0066026864171
2023-10-29,CLP,958.2856583595623
2023-10-30,CLP,963.20032350262
2023-10-31,CLP,958.6610683121397
2023-11-01,CLP,967.5381782807109
2023-11-02,CLP,957.136434955431
2023-11-03,CLP,968.037663066558
2023-11-04,CLP,960.4484351436222
2023-11-05,CLP,962.3829894186686
2023-11-06,CLP,968.6508110393838
2023-11-07,CLP,961.2910815605637
2023-11-08,CLP,963.3616345418003
2023-11-09,CLP,959.3530623949252
2023-11-10,CLP,958.439061189541
2023-11-11,CLP,960.0630707906313
2023-11-12,CLP,961.0443464676782
2023-11-13,CLP,962.3706401757314
2023-11-14,CLP,961.5020911464892
2023-11-15,CLP,966.2156334238518
2023-11-16,CLP,961.9162548723752
2023-11-17,CLP,960.7474422861654
2023-11-18,CLP,968.817477781247
2023-11-19,CLP,968.2071812491273
2023-11-20,CLP,965.4544260100346
2023-11-21,CLP,965.9419031639276
2023-11-22,CLP,964.938247457625
2023-11-23,CLP,957.6216245587264
2023-11-24,CLP,964.8820091230801
2023-11-25,CLP,968.5502120859354
2023-11-26,CLP,958.1262633761803
2023-11-27,CLP,963.2816838197631
2023-11-28,CLP,965.5262443894799
2023-11-29,CLP,960.9828752772868
2023-11-30,CLP,959.0892885282498
2023-12-01,CLP,962.9999314026129
2023-12-02,CLP,966.5000777289551
2023-12-03,CLP,957.838217772507
2023-12-04,CLP,961.5623450087443
2023-12-05,CLP,958.7889542779445
2023-12-06,CLP,959.0727187284949
2023-12-07,CLP,963.0840184554878
2023-12-08,CLP,957.3225443821457
2023-12-09,CLP,962.2012463346317
2023-12-10,CLP,958.5203054112467
2023-12-11,CLP,964.1168394493416
2023-12-12,CLP,959.4408627963537
2023-12-13,CLP,961.4456775413383
2023-12-14,CLP,964.2397995493616
2023-12-15,CLP,964.7142107237187
2023-12-16,CLP,959.0879647886453
2023-12-17,CLP,963.1878167091586
2023-12-18,CLP,959.9393696293187
2023-12-19,CLP,959.5366795726111
2023-12-20,CLP,966.8989494658833
2023-12-21,CLP,959.5739633929879
2023-12-22,CLP,959.3742539480896
2023-12-23,CLP,967.0788942738998
2023-12-24,CLP,959.2544620561846
2023-12-25,CLP,961.4848582344064
2023-12-26,CLP,967.5374475894216
2023-12-27,CLP,959.1283566851872
2023-12-28,CLP,964.6645188493894
2023-12-29,CLP,964.8173629513701
2023-12-30,CLP,968.5653943794035
2023-12-31,CLP,959.8108609718199
2024-01-01,CLP,967.80028939085
2024-01-02,CLP,963.8392135622415
2024-01-03,CLP,964.8573400649684
2024-01-04,CLP,967.3070954149117
2024-01-05,CLP,956.9515361247994
2024-01-06,CLP,963.1783090760597
2024-01-07,CLP,966.6586621200806
2024-01-08,CLP,958.8903731776467
2024-01-09,CLP,964.0551992765711
2024-01-10,CLP,964.1129946972484
2024-01-11,CLP,963.4618509016354
2024-01-12,CLP,963.4030913593961
2024-01-13,CLP,966.6616242986615
2024-01-14,CLP,968.3484472227601
2024-01-15,CLP,957.3233558497506
2024-01-16,CLP,964.5796473151765
2024-01-17,CLP,965.5930531535596
2024-01-18,CLP,961.4827148210315
2024-01-19,CLP,958.0170585607156
2024-01-20,CLP,957.9738086455039
2024-01-21,CLP,960.9616375870845
2024-01-22,CLP,960.8146353028466
2024-01-23,CLP,961.0291154793441
2024-01-24,CLP,967.2878492083978
2024-01-25,CLP,965.9095613012947
2024-01-26,CLP,965.5074607896477
2024-01-27,CLP,967.0245262560451
2024-01-28,CLP,963.9887011352408
2024-01-29,CLP,960.9170771083392
2024-01-30,CLP,962.5673686070235
2024-01-31,CLP,957.374200327086
2024-02-01,CLP,964.6883581876489
2024-02-02,CLP,964.480331068077
2024-02-03,CLP,958.5414267101546
2024-02-04,CLP,961.5741230752432
2024-02-05,CLP,961.8192867834935
2024-02-06,CLP,960.1274498734787
2024-02-07,CLP,968.2641750008653
2024-02-08,CLP,959.5723386204378
2024-02-09,CLP,967.7645542111873
2024-02-10,CLP,968.8230821150167
2024-02-11,CLP,959.036186956629
2024-02-12,CLP,967.4638575387933
2024-02-13,CLP,963.8093621007929
2024-02-14,CLP,963.6331700764853
2024-02-15,CLP,967.1320677979759
2024-02-16,CLP,967.0287099748681
2024-02-17,CLP,957.137344075527
2024-02-18,CLP,963.4353882506263
2024-02-19,CLP,967.5048121237118
2024-02-20,CLP,963.3201345024221
2024-02-21,CLP,957.2928586592022
2024-02-22,CLP,967.9061845835762
2024-02-23,CLP,958.4506221974051
2024-02-24,CLP,964.2571033803368
2024-02-25,CLP,960.5198232237033
2024-02-26,CLP,964.805364957171
2024-02-27,CLP,957.9420401441913
2024-02-28,CLP,964.7831163990902
2024-02-29,CLP,959.034513095372
2024-03-01,CLP,967.8576641903168
2024-03-02,CLP,967.5329247224884
2024-03-03,CLP,964.995805341767
2024-03-04,CLP,961.0243378624087
2024-03-05,CLP,965.4788628063526
2024-03-06,CLP,960.8548966242835
2024-03-07,CLP,958.2344423694495
2024-03-08,CLP,968.2402491513321
2024-03-09,CLP,958.3677558911098
2024-03-10,CLP,959.3216908297469
2024-03-11,CLP,968.0327254316973
2024-03-12,CLP,963.0291659962794
2024-03-13,CLP,968.9306886655326
2024-03-14,CLP,968.2802770087135
2024-03-15,CLP,963.911436273767
2024-03-16,CLP,967.7481162294005
2024-03-17,CLP,957.8915845121277
2024-03-18,CLP,961.8129795623089
2024-03-19,CLP,966.4046936883901
2024-03-20,CLP,963.1536460425333
2024-03-21,CLP,963.5417855806969
2024-03-22,CLP,964.171061442302
2024-03-23,CLP,966.5778110985905
2024-03-24,CLP,960.1356780082098
2024-03-25,CLP,961.6575632726535
2024-03-26,CLP,967.3679443891149
2024-03-27,CLP,968.497536485514
2024-03-28,CLP,967.6748140261761
2024-03-29,CLP,966.4592622381504
2024-03-30,CLP,967.5064302445691
2024-03-31,CLP,963.3775349300637
2024-04-01,CLP,960.244421779169
2024-04-02,CLP,968.028928021159
2024-04-03,CLP,960.9183919463436
2024-04-04,CLP,956.8952385895724
2024-04-05,CLP,958.2762216638657
2024-04-06,CLP,958.7254293986811
2024-04-07,CLP,966.8765999835041
2024-04-08,CLP,958.7417831499783
2024-04-09,CLP,962.2332849538723
2024-04-10,CLP,967.2943489487345
2024-04-11,CLP,957.0203927350683
2024-04-12,CLP,961.0947545081063
2024-04-13,CLP,964.4489369537046
2024-04-14,CLP,960.1727929562214
2024-04-15,CLP,959.4495191760385
2024-04-16,CLP,965.4912356101073
2024-04-17,CLP,964.6178325727675
2024-04-18,CLP,961.4775372153454
2024-04-19,CLP,968.8998539313237
2024-04-20,CLP,967.3795478304856
2024-04-21,CLP,963.8359537845296
2024-04-22,CLP,960.0394855211135
2024-04-23,CLP,966.2049775341161
2024-04-24,CLP,959.6786002188428
2024-04-25,CLP,958.0872222121237
2024-04-26,CLP,958.3585286611394
2024-04-27,CLP,964.8911224340021
2024-04-28,CLP,961.9000787534334
2024-04-29,CLP,957.4489914595655
2024-04-30,CLP,963.6224888192459
2024-05-01,CLP,960.4231024228943
2024-05-02,CLP,964.8118466367773
2024-05-03,CLP,957.1605284342165
2024-05-04,CLP,964.9446638386012
2024-05-05,CLP,966.6239823070583
2024-05-06,CLP,964.4389248065546
2024-05-07,CLP,967.4053998425888
2024-05-08,CLP,967.9465656039217
2024-05-09,CLP,963.2642916976606
2024-05-10,CLP,965.1459398958533
2024-05-11,CLP,957.2694417982088
2024-05-12,CLP,961.9533985144934
2024-05-13,CLP,964.7406448717488
2024-05-14,CLP,963.7036468035313
2024-05-15,CLP,966.1638061816651
2024-05-16,CLP,962.8186983762644
2024-05-17,CLP,966.8418076000153
2024-05-18,CLP,968.4431521389984
2024-05-19,CLP,963.3116146831187
2024-05-20,CLP,967.7619451686762
2024-05-21,CLP,966.6427270137174
2024-05-22,CLP,961.5312297515738
2024-05-23,CLP,965.2743975783372
2024-05-24,CLP,967.7565048279472
2024-05-25,CLP,964.9974827992179
2024-05-26,CLP,964.7310970866381
2024-05-27,CLP,962.7303740155942
2024-05-28,CLP,958.5650500976989
2024-05-29,CLP,957.7968295074702
2024-05-30,CLP,959.5362046556824
2024-05-31,CLP,964.7274707378837
2024-06-01,CLP,968.5065419615499
2024-06-02,CLP,960.3103393453637
2024-06-03,CLP,957.2262920769881
2024-06-04,CLP,957.391221388584
2024-06-05,CLP,957.9862767542087
2024-06-06,CLP,968.4225874372395
2024-06-07,CLP,961.5879265960638
2024-06-08,CLP,967.9426341117043
2024-06-09,CLP,962.2197887558434
2024-06-10,CLP,958.6041074549161
2024-06-11,CLP,964.4632458658789
2024-06-12,CLP,962.2694481024112
2024-06-13,CLP,961.0863263461124
2024-06-14,CLP,959.4170481641856
2024-06-15,CLP,956.873078469278
2024-06-16,CLP,963.3244936862814
2024-06-17,CLP,964.0198369793809
2024-06-18,CLP,961.4110208595831
2024-06-19,CLP,966.7821514004206
2024-06-20,CLP,964.8758077702605
2024-06-21,CLP,964.5455342763469
2024-06-22,CLP,960.8808092115249
2024-06-23,CLP,962.0507035924659
2024-06-24,CLP,963.0419867069493
2024-06-25,CLP,957.0143546401496
2024-06-26,CLP,964.5695022010759
2024-06-27,CLP,965.7892736770036
2024-06-28,CLP,958.160697271318
2024-06-29,CLP,960.4787350959703
2024-06-30,CLP,959.2589889245787
2024-07-01,CLP,958.5478414115747
2024-07-02,CLP,960.5882413317161
2024-07-03,CLP,957.8490518860624
2024-07-04,CLP,961.3813957442449
2024-07-05,CLP,961.3816049088971
2024-07-06,CLP,956.9238518509477
2024-07-07,CLP,966.8262588692515
2024-07-08,CLP,962.1952643296383
2024-07-09,CLP,966.2258515069722
2024-07-10,CLP,957.343482056044
2024-07-11,CLP,967.5414151083411
2024-07-12,CLP,963.3641970992757
2024-07-13,CLP,965.1789789059135
2024-07-14,CLP,959.6555091890765
2024-07-15,CLP,964.6138204017242
2024-07-16,CLP,958.4061910109381
2024-07-17,CLP,968.0959066380973
2024-07-18,CLP,960.4780073073437
2024-07-19,CLP,960.6619424647131
2024-07-20,CLP,957.4010312127023
2024-07-21,CLP,959.2713766341054
2024-07-22,CLP,965.486006392992
2024-07-23,CLP,961.7118699896664
2024-07-24,CLP,962.2120106251818
2024-07-25,CLP,966.9936118412069
2024-07-26,CLP,968.7845524384662
2024-07-27,CLP,960.8536402191847
2024-07-28,CLP,965.366374468318
2024-07-29,CLP,967.0210227663372
2024-07-30,CLP,958.4348940917097
2024-07-31,CLP,964.6056384311634
2024-08-01,CLP,964.7565920061919
2024-08-02,CLP,964.2498881779294
2024-08-03,CLP,958.0411454412771
2024-08-04,CLP,966.9247245963227
2024-08-05,CLP,963.1831868426281
2024-08-06,CLP,962.5529326647899
2024-08-07,CLP,963.8762204200548
2024-08-08,CLP,966.8212937192218
2024-08-09,CLP,959.4331781578505
2024-08-10,CLP,963.4828746802278
2024-08-11,CLP,958.84880186021
2024-08-12,CLP,958.3408915100271
2024-08-13,CLP,963.884534481191
2024-08-14,CLP,966.1012188222128
2024-08-15,CLP,961.5040468784756
2024-08-16,CLP,968.3660313674345
2024-08-17,CLP,957.3611227980306
2024-08-18,CLP,961.8047618427422
2024-08-19,CLP,966.6734734414829
2024-08-20,CLP,959.0066809703964
2024-08-21,CLP,968.4918024371192
2024-08-22,CLP,960.8396071081761
2024-08-23,CLP,960.0069832858143
2024-08-24,CLP,964.5772449655104
2024-08-25,CLP,959.0531181942029
2024-08-26,CLP,967.8514565583597
2024-08-27,CLP,963.5130420732538
2024-08-28,CLP,963.5776126159813
2024-08-29,CLP,958.9782420553822
2024-08-30,CLP,967.5084728577285
2024-08-31,CLP,960.2358548441789
2024-09-01,CLP,966.444034357361
2024-09-02,CLP,958.9489077565239
2024-09-03,CLP,965.3246014681158
2024-09-04,CLP,961.8255035810907
2024-09-05,CLP,966.6024978271433
2024-09-06,CLP,966.8527900367117
2024-09-07,CLP,963.0595955288321
2024-09-08,CLP,964.6033373301863
2024-09-09,CLP,965.6914230374703
2024-09-10,CLP,964.201080680584
2024-09-11,CLP,959.9279692850139
2024-09-12,CLP,968.6660214297583
2024-09-13,CLP,957.7122084869605
2024-09-14,CLP,967.8265744369787
2024-09-15,CLP,963.715601216765
2024-09-16,CLP,958.8085367181599
2024-09-17,CLP,963.8185070447946
2024-09-18,CLP,965.941088674316
2024-09-19,CLP,961.9184207651691
2024-09-20,CLP,957.7109251348072
2024-09-21,CLP,968.4929517026496
2024-09-22,CLP,965.0724415463154
2024-09-23,CLP,962.3032460896518
2024-09-24,CLP,959.2747976672191
2024-09-25,CLP,962.641796404438
2024-09-26,CLP,964.6014918579384
2024-09-27,CLP,957.8906709624944
2024-09-28,CLP,957.7374422763137
2024-09-29,CLP,964.4170570779833
2024-09-30,CLP,965.6954074784555
2024-10-01,CLP,960.2280838992936
2024-10-02,CLP,964.5816769920531
2024-10-03,CLP,968.9134726935725
2024-10-04,CLP,968.5527906871429
2024-10-05,CLP,963.3549102449473
2024-10-06,CLP,959.6252100300459
2024-10-07,CLP,968.1110536429145
2024-10-08,CLP,968.5791022100755
2024-10-09,CLP,964.3059825370158
2024-10-10,CLP,957.4860274543868
2024-10-11,CLP,961.8736221661865
2024-10-12,CLP,966.7598350916995
2024-10-13,CLP,965.523919277586
2024-10-14,CLP,958.7409893541945
2024-10-15,CLP,965.5881841333071
2024-10-16,CLP,960.2933565458849
2024-10-17,CLP,962.2623192738446
2024-10-18,CLP,967.0185775302635
2024-10-19,CLP,961.3572671828343
2024-10-20,CLP,958.0504229619075
2024-10-21,CLP,958.6223530344532
2024-10-22,CLP,959.454833602465
2024-10-23,CLP,966.9030168159618
2024-10-24,CLP,961.698112820984
2024-10-25,CLP,958.189055003617
2024-10-26,CLP,957.572358072607
2024-10-27,CLP,958.4865826400638
2024-10-28,CLP,963.7010054922891
2024-10-29,CLP,967.1697770496302
2024-10-30,CLP,957.8064063128663
2024-10-31,CLP,960.4986568970032
2024-11-01,CLP,966.4802116180542
2024-11-02,CLP,963.107323170975
2024-11-03,CLP,962.1993910396799
2024-11-04,CLP,959.1827078095369
2024-11-05,CLP,957.2579975444352
2024-11-06,CLP,965.2072300703677
2024-11-07,CLP,968.3975540609241
2024-11-08,CLP,967.3337020515313
2024-11-09,CLP,968.1953719057598
2024-11-10,CLP,963.5629108656567
2024-11-11,CLP,961.099589687222
2024-11-12,CLP,962.1300348654167
2024-11-13,CLP,962.3839661795503
2024-11-14,CLP,960.6644773268708
2024-11-15,CLP,964.8010721736799
2024-11-16,CLP,962.4747724905676
2024-11-17,CLP,968.1444730497916
2024-11-18,CLP,966.9170207171697
2024-11-19,CLP,960.0138154294551
2024-11-20,CLP,961.6500693053703
2024-11-21,CLP,959.0659977632282
2024-11-22,CLP,960.1270329215128
2024-11-23,CLP,965.9069114629283
2024-11-24,CLP,962.1287726047726
2024-11-25,CLP,968.0165214118739
2024-11-26,CLP,958.2596898542807
2024-11-27,CLP,964.2942791787264
2024-11-28,CLP,967.7289322022631
2024-11-29,CLP,960.5037137196575
2024-11-30,CLP,957.2906146273698
2024-12-01,CLP,958.7506958196273
2024-12-02,CLP,957.5442213949087
2024-12-03,CLP,958.1795196905834
2024-12-04,CLP,964.1922625438835
2024-12-05,CLP,958.1854626428632
2024-12-06,CLP,959.4128095542443
2024-12-07,CLP,967.5496830590405
2024-12-08,CLP,960.0188599350932
2024-12-09,CLP,966.5333168811565
2024-12-10,CLP,961.3856650055877
2024-12-11,CLP,966.0645549581067
2024-12-12,CLP,962.9230356761461
2024-12-13,CLP,957.8685901139376
2024-12-14,CLP,960.6366377987351
2024-12-15,CLP,960.879100680221
2024-12-16,CLP,959.9437142860854
2024-12-17,CLP,963.9381277143494
2024-12-18,CLP,959.9774799050947
2024-12-19,CLP,964.2105463436535
2024-12-20,CLP,956.8723305021877
2024-12-21,CLP,958.3642150369045
2024-12-22,CLP,963.5911147632005
2024-12-23,CLP,961.9294704763405
2024-12-24,CLP,962.9295005850478
2024-12-25,CLP,963.4813075652679
2024-12-26,CLP,959.9078658339059
2024-12-27,CLP,964.2734673798503
2024-12-28,CLP,959.1249997655837
2024-12-29,CLP,958.4308748464198
2024-12-30,CLP,964.3661994185774
2024-12-31,CLP,957.5286176274641
2025-01-01,CLP,956.8901038163033
2025-01-02,CLP,958.4462196039807
2025-01-03,CLP,966.1040874260034
2025-01-04,CLP,957.8016473373538
2025-01-05,CLP,965.6262229614097
2025-01-06,CLP,964.7981599551659
2025-01-07,CLP,959.143972521147
2025-01-08,CLP,962.5721410124754
2025-01-09,CLP,959.4936993162166
2025-01-10,CLP,968.6818877950703
2025-01-11,CLP,958.5723448753185
2025-01-12,CLP,967.6329849083339
2025-01-13,CLP,968.8358466468818
2025-01-14,CLP,964.2203841275978
2025-01-15,CLP,962.0035807987
2025-01-16,CLP,963.2615893076024
2025-01-17,CLP,958.0539804064082
2025-01-18,CLP,959.2425558771411
2025-01-19,CLP,959.0304036384431
2025-01-20,CLP,967.4914969531841
2025-01-21,CLP,967.7150552591366
2025-01-22,CLP,968.3681911901632
2025-01-23,CLP,961.2403182493359
2025-01-24,CLP,966.1271686383836
2025-01-25,CLP,968.1247619686056
2025-01-26,CLP,968.1935865967255
2025-01-27,CLP,962.7503390156812
2025-01-28,CLP,961.4424224276046
2025-01-29,CLP,956.9445459068351
2025-01-30,CLP,958.6192388719583
2025-01-31,CLP,958.0546070629401
2025-02-01,CLP,959.3073642712891
2025-02-02,CLP,964.0340237234209
2025-02-03,CLP,964.432578524792
2025-02-04,CLP,964.8389986971739
2025-02-05,CLP,960.8355787255673
2025-02-06,CLP,962.1077530695
2025-02-07,CLP,959.0848389783387
2025-02-08,CLP,957.969327831834
2025-02-09,CLP,967.6874755271454
2025-02-10,CLP,966.2741660767176
2025-02-11,CLP,959.4648220753459
2025-02-12,CLP,966.197803027807
2025-02-13,CLP,967.2823827429413
2025-02-14,CLP,959.5985420562247
2025-02-15,CLP,957.1494947084781
2025-02-16,CLP,959.3222522173596
2025-02-17,CLP,967.0001933305242
2025-02-18,CLP,963.1130974639939
2025-02-19,CLP,964.7885732655839
2025-02-20,CLP,957.1488290466742
2025-02-21,CLP,968.7687364952945
2025-02-22,CLP,967.1319547322245
2025-02-23,CLP,961.9667992724313
2025-02-24,CLP,960.5724726498759
2025-02-25,CLP,968.00472890097
2025-02-26,CLP,967.6349611551229
2025-02-27,CLP,968.1817754643513
2025-02-28,CLP,965.3793126027613
2025-03-01,CLP,958.965464226298
2025-03-02,CLP,957.3805010213123
2025-03-03,CLP,961.0147894320107
2025-03-04,CLP,965.3411867496544
2025-03-05,CLP,965.9765491824506
2025-03-06,CLP,967.5362213729487
2025-03-07,CLP,968.6495870847165
2025-03-08,CLP,965.6701327859687
2025-03-09,CLP,960.8139255792574
2025-03-10,CLP,964.4143192536103
2025-03-11,CLP,962.5818941271873
2025-03-12,CLP,960.0268537638752
2025-03-13,CLP,964.1615547883484
2025-03-14,CLP,961.1196203110219
2025-03-15,CLP,957.8067364966046
2025-03-16,CLP,959.5004319898654
2025-03-17,CLP,963.9220594836002
2025-03-18,CLP,965.9494860170054
2025-03-19,CLP,958.2134811381223
2025-03-20,CLP,959.048301676069
2025-03-21,CLP,966.9037284207244
2025-03-22,CLP,964.3084038538799
2025-03-23,CLP,959.5092316801455
2025-03-24,CLP,963.3374030578557
2025-03-25,CLP,964.9670645103515
2025-03-26,CLP,959.7924859061842
2025-03-27,CLP,963.2239895918251
2025-03-28,CLP,962.0001100005403
2025-03-29,CLP,964.9537504070897
2025-03-30,CLP,957.2047122257359
2025-03-31,CLP,968.18253346829
2025-04-01,CLP,958.4514156058503
2025-04-02,CLP,968.4818069404567
2025-04-03,CLP,958.9446019939345
2025-04-04,CLP,960.0467445420048
2025-04-05,CLP,957.8447875016037
2025-04-06,CLP,959.4248389022044
2025-04-07,CLP,966.9225996492682
2025-04-08,CLP,959.1557433432567
2025-04-09,CLP,965.1048583075254
2025-04-10,CLP,960.0029856498109
2025-04-11,CLP,959.6377019661134
2025-04-12,CLP,959.2805546935839
2025-04-13,CLP,964.7756712380566
2025-04-14,CLP,958.3154018252965
2025-04-15,CLP,957.2436418898651
2025-04-16,CLP,957.848718531111
2025-04-17,CLP,964.3513628980539
2025-04-18,CLP,965.6516108709205
2025-04-19,CLP,957.1215473257316
2025-04-20,CLP,962.071673212031
2025-04-21,CLP,963.57148535218
2025-04-22,CLP,967.5800296945574
2025-04-23,CLP,957.0700903311578
2025-04-24,CLP,958.2442910685755
2025-04-25,CLP,957.3887585307388
2025-04-26,CLP,967.8737381424626
2025-04-27,CLP,957.9059875575359
2025-04-28,CLP,959.1498603840618
2025-04-29,CLP,965.5137997539025
2025-04-30,CLP,962.4689928052726
2025-05-01,CLP,967.6868176762266
2025-05-02,CLP,968.5150020605444
2025-05-03,CLP,959.8782147463448
2025-05-04,CLP,961.2548402737247
2025-05-05,CLP,959.4091855113021
2025-05-06,CLP,962.5033909520276
2025-05-07,CLP,958.3601010209806
2025-05-08,CLP,968.3926731320552
2025-05-09,CLP,968.0449292180646
2025-05-10,CLP,958.3251627532052
2025-05-11,CLP,960.731745979206
2025-05-12,CLP,968.1305532961228
2025-05-13,CLP,959.6561334692848
2025-05-14,CLP,967.4773886968208
2025-05-15,CLP,962.0007177107158
2025-05-16,CLP,957.1014976429011
2025-05-17,CLP,958.407893725223
2025-05-18,CLP,963.1315718370932
2025-05-19,CLP,968.4567278898345
2025-05-20,CLP,958.0842744754344
2025-05-21,CLP,957.1028560980227
2025-05-22,CLP,957.2191532613248
2025-05-23,CLP,961.8144979637478
2025-05-24,CLP,964.0535017938802
2025-05-25,CLP,960.3099148048756
2025-05-26,CLP,961.2006507603403
2025-05-27,CLP,958.994910911823
2025-05-28,CLP,966.7486497880194
2025-05-29,CLP,961.5618628414588
2025-05-30,CLP,958.9781766930008
2025-05-31,CLP,962.8357795053665
2025-06-01,CLP,962.483882007138
2025-06-02,CLP,965.0155450727101
2025-06-03,CLP,957.0185131887604
2025-06-04,CLP,965.7412454163969
2025-06-05,CLP,966.8386563751083
2025-06-06,CLP,957.670317984153
2025-06-07,CLP,957.8378233776788
2025-06-08,CLP,958.5835400574756
2025-06-09,CLP,959.8335542737634
2025-06-10,CLP,958.2490922417059
2025-06-11,CLP,962.8661512319469
2025-06-12,CLP,963.9984653447992
2025-06-13,CLP,963.5806378552461
2025-06-14,CLP,962.9259372580779
2025-06-15,CLP,958.0563400558918
2025-06-16,CLP,958.3470241933825
2025-06-17,CLP,966.139895529218
2025-06-18,CLP,965.0098613605496
2025-06-19,CLP,961.4516130357778
2025-06-20,CLP,968.4165003913488
2025-06-21,CLP,967.2630494579885
2025-06-22,CLP,966.731599147909
2025-06-23,CLP,968.6259115633817
2025-06-24,CLP,962.4188018335416
2025-06-25,CLP,968.3127990123576
2025-06-26,CLP,966.5467685282706
2025-06-27,CLP,964.305827611271
2025-06-28,CLP,961.7812207564998
2025-06-29,CLP,960.166334873608
2025-06-30,CLP,960.0642147313301
2025-07-01,CLP,968.1786736717847
2025-07-02,CLP,958.938770661285
2025-07-03,CLP,961.0562049671366
2025-07-04,CLP,964.2038741421727
2025-07-05,CLP,959.8363145806956
2025-07-06,CLP,964.8515649622451
2025-07-07,CLP,962.2091915454217
2025-07-08,CLP,961.6719310897964
2025-07-09,CLP,958.8628547185609
2025-07-10,CLP,958.8669294117598
2025-07-11,CLP,959.5641883045769
2025-07-12,CLP,968.2719909229145
2025-07-13,CLP,968.5646503361793
2025-07-14,CLP,959.1797644205927
2025-07-15,CLP,960.8050407810401
2025-07-16,CLP,965.5068292208299
2025-07-17,CLP,960.8500344308823
2025-07-18,CLP,962.6802822965495
2025-07-19,CLP,961.189558654793
2025-07-20,CLP,963.890304
2025-07-21,CLP,954.120369
2025-07-22,CLP,950.730006
2025-07-23,CLP,948.560072
2025-07-24,CLP,950.249619
2025-07-25,CLP,956.830396
2025-07-26,CLP,948.818998
2025-07-27,CLP,948.818998
2025-07-28,CLP,959.060215
2025-07-29,CLP,960.740076
2025-07-30,CLP,981.929819
2025-07-31,CLP,972.700915
2025-08-01,CLP,969.330396
2025-08-02,CLP,958.992278
2025-08-03,CLP,958.992278
2025-08-04,CLP,966.779713
2025-08-05,CLP,966.8501
2025-08-06,CLP,974.84972
2025-08-07,CLP,970.330169
2025-08-08,CLP,969.150396
2025-08-09,CLP,970.26737
2025-08-10,CLP,968.280058
2025-08-11,CLP,969.189658
2025-08-12,CLP,956.850227
2025-08-13,CLP,953.120167
2025-08-14,CLP,966.010014
2025-08-15,CLP,963.170396
2025-08-16,CLP,963.170396
2025-08-17,CLP,964.101791
2025-08-18,CLP,964.189733
